,wallet_name,network,wallet_address,balance_usd
0,ETH,Ethereum,0xbe0eb53f46cd790cd13851d5eff43d12404d33e8,3689118721.4397416
1,ETH,Ethereum,0xf977814e90da44bfa03b6295a0616a897441acec,1979131360.661644
2,USDT,Ethereum,0xf977814e90da44bfa03b6295a0616a897441acec,1399841441.1102316
3,BUSD,Ethereum,0xbe0eb53f46cd790cd13851d5eff43d12404d33e8,1000022080.6453701
4,USDT,Ethereum,0x5a52e96bacdabb82fd05763e25335261b270efcb,743073587.9152892
5,BUSD,Ethereum,0xf977814e90da44bfa03b6295a0616a897441acec,600013248.387222
6,SHIB,Ethereum,0x5a52e96bacdabb82fd05763e25335261b270efcb,328261592.825902
7,BUSD,Ethereum,0x5a52e96bacdabb82fd05763e25335261b270efcb,300237434.2899344
8,ETH,Ethereum,0x5a52e96bacdabb82fd05763e25335261b270efcb,295717630.97093976
9,ETH,Ethereum,0x28c6c06298d514db089934071355e5743bf21d60,262999443.52357796
10,MATIC,Ethereum,0xf977814e90da44bfa03b6295a0616a897441acec,248206566.34576914
11,SHIB,Ethereum,0xf977814e90da44bfa03b6295a0616a897441acec,247657121.1126895
12,TUSD,Ethereum,0xf977814e90da44bfa03b6295a0616a897441acec,199801817.57797664
13,TUSD,Ethereum,0x5a52e96bacdabb82fd05763e25335261b270efcb,189373903.7135041
14,LINK,Ethereum,0x5a52e96bacdabb82fd05763e25335261b270efcb,187967886.93119693
15,LINK,Ethereum,0xf977814e90da44bfa03b6295a0616a897441acec,176219893.9979971
16,BUSD,Ethereum,0x28c6c06298d514db089934071355e5743bf21d60,145943250.11999628
17,USDT,Ethereum,0x56eddb7aa87536c09ccc2793473599fd21a8b17f,128587068.91836514
18,USDT,Ethereum,0xdfd5293d8e347dfe59e90efd55b2956a1343963d,125493952.81308472
19,USDT,Ethereum,0x9696f59e4d72e237be84ffd425dcad154bf96976,120115299.61871235
20,USDT,Ethereum,0x21a31ee1afc51d94c2efccaa2092ad1028285549,116077280.44182643
21,GALA,Ethereum,0xf977814e90da44bfa03b6295a0616a897441acec,108578216.76486778
22,USDC,Ethereum,0x28c6c06298d514db089934071355e5743bf21d60,104340502.18656859
23,USDT,Ethereum,0x28c6c06298d514db089934071355e5743bf21d60,102268108.54537998
24,MATIC,Ethereum,0x5a52e96bacdabb82fd05763e25335261b270efcb,95444212.25281282
25,USDC,Ethereum,0xdfd5293d8e347dfe59e90efd55b2956a1343963d,89457826.88494338
26,MAV,Ethereum,0x28c6c06298d514db089934071355e5743bf21d60,83365673.36168697
27,DYDX,Ethereum,0xf977814e90da44bfa03b6295a0616a897441acec,81499823.10705896
28,SAND,Ethereum,0xf977814e90da44bfa03b6295a0616a897441acec,80466617.50010277
29,FTM,Ethereum,0xf977814e90da44bfa03b6295a0616a897441acec,77411070.80067286
30,CHZ,Ethereum,0xf977814e90da44bfa03b6295a0616a897441acec,74037037.79071535
31,CHZ,Ethereum,0xbe0eb53f46cd790cd13851d5eff43d12404d33e8,66633334.01164382
32,TUSD,Ethereum,0x28c6c06298d514db089934071355e5743bf21d60,65074051.23454449
33,THETA,Ethereum,0xbe0eb53f46cd790cd13851d5eff43d12404d33e8,63278484.50817612
34,FTM,Ethereum,0xbe0eb53f46cd790cd13851d5eff43d12404d33e8,58633274.39128629
35,RNDR,Ethereum,0xf977814e90da44bfa03b6295a0616a897441acec,57707424.53052536
36,UNI,Ethereum,0xf977814e90da44bfa03b6295a0616a897441acec,55234261.71462237
37,SSV,Ethereum,0xf977814e90da44bfa03b6295a0616a897441acec,50555886.63493874
38,AGIX,Ethereum,0xf977814e90da44bfa03b6295a0616a897441acec,49103232.1137757
39,SAND,Ethereum,0x5a52e96bacdabb82fd05763e25335261b270efcb,48220275.57141302
40,WBTC,Ethereum,0x28c6c06298d514db089934071355e5743bf21d60,47283164.16114596
41,LDO,Ethereum,0x5a52e96bacdabb82fd05763e25335261b270efcb,43050378.36054781
42,BUSD,Ethereum,0x21a31ee1afc51d94c2efccaa2092ad1028285549,40821422.693455756
43,MANA,Ethereum,0xf977814e90da44bfa03b6295a0616a897441acec,37874976.976494946
44,AAVE,Ethereum,0xbe0eb53f46cd790cd13851d5eff43d12404d33e8,36953891.345780335
45,FTM,Ethereum,0x5a52e96bacdabb82fd05763e25335261b270efcb,36792379.68053215
46,HOT,Ethereum,0xf977814e90da44bfa03b6295a0616a897441acec,33191715.103785925
47,MANA,Ethereum,0xbe0eb53f46cd790cd13851d5eff43d12404d33e8,32775061.276179273
48,QNT,Ethereum,0x5a52e96bacdabb82fd05763e25335261b270efcb,31634751.01779961
49,USDC,Ethereum,0x21a31ee1afc51d94c2efccaa2092ad1028285549,31197982.857986055
50,CHZ,Ethereum,0x5a52e96bacdabb82fd05763e25335261b270efcb,29614815.11628614
51,UNI,Ethereum,0xbe0eb53f46cd790cd13851d5eff43d12404d33e8,29527826.03678186
52,LINK,Ethereum,0xbe0eb53f46cd790cd13851d5eff43d12404d33e8,29369982.332999516
53,IMX,Ethereum,0xf977814e90da44bfa03b6295a0616a897441acec,28271637.877283514
54,ID,Ethereum,0xf977814e90da44bfa03b6295a0616a897441acec,27436483.018003922
55,CRV,Ethereum,0xf977814e90da44bfa03b6295a0616a897441acec,27001070.888014574
56,ETH,Ethereum,0x21a31ee1afc51d94c2efccaa2092ad1028285549,26934224.297811016
57,HOT,Ethereum,0xbe0eb53f46cd790cd13851d5eff43d12404d33e8,26689869.265289374
58,ETH,Ethereum,0x56eddb7aa87536c09ccc2793473599fd21a8b17f,26630427.752468366
59,BUSD,Ethereum,0xdfd5293d8e347dfe59e90efd55b2956a1343963d,26351556.866534572
60,INJ,Ethereum,0x21a31ee1afc51d94c2efccaa2092ad1028285549,25830033.013281856
61,INJ,Ethereum,0x28c6c06298d514db089934071355e5743bf21d60,24419801.186226957
62,ENS,Ethereum,0x5a52e96bacdabb82fd05763e25335261b270efcb,24120170.43774059
63,RNDR,Ethereum,0x5a52e96bacdabb82fd05763e25335261b270efcb,23082969.812210143
64,ENJ,Ethereum,0xf977814e90da44bfa03b6295a0616a897441acec,23073476.078879595
65,ACH,Ethereum,0xf977814e90da44bfa03b6295a0616a897441acec,22259984.4614669
66,MANA,Ethereum,0x5a52e96bacdabb82fd05763e25335261b270efcb,22214208.198299285
67,FET,Ethereum,0xbe0eb53f46cd790cd13851d5eff43d12404d33e8,21912332.728350915
68,ETH,Ethereum,0x9696f59e4d72e237be84ffd425dcad154bf96976,21446498.35874591
69,YFI,Ethereum,0xf977814e90da44bfa03b6295a0616a897441acec,21290702.964722615
70,APE,Ethereum,0xf977814e90da44bfa03b6295a0616a897441acec,21240626.927210458
71,LIT,Ethereum,0xf977814e90da44bfa03b6295a0616a897441acec,20907596.31892514
72,MASK,Ethereum,0xf977814e90da44bfa03b6295a0616a897441acec,20307366.335199
73,LRC,Ethereum,0xf977814e90da44bfa03b6295a0616a897441acec,20257673.065861616
74,ETH,Ethereum,0xdfd5293d8e347dfe59e90efd55b2956a1343963d,19953169.31609517
75,UNI,Ethereum,0x5a52e96bacdabb82fd05763e25335261b270efcb,19832856.48803848
76,ID,Ethereum,0x5a52e96bacdabb82fd05763e25335261b270efcb,19783777.356637668
77,SUSHI,Ethereum,0xf977814e90da44bfa03b6295a0616a897441acec,19101598.92756452
78,C98,Ethereum,0xf977814e90da44bfa03b6295a0616a897441acec,18391841.976576004
79,MKR,Ethereum,0xf977814e90da44bfa03b6295a0616a897441acec,18252367.96598989
80,1INCH,Ethereum,0xf977814e90da44bfa03b6295a0616a897441acec,18174340.82418818
81,ATA,Ethereum,0xf977814e90da44bfa03b6295a0616a897441acec,17464401.356559195
82,GRT,Ethereum,0x5a52e96bacdabb82fd05763e25335261b270efcb,17365920.230161287
83,ENS,Ethereum,0xf977814e90da44bfa03b6295a0616a897441acec,17228693.16981471
84,AGLD,Ethereum,0xf977814e90da44bfa03b6295a0616a897441acec,17194129.24728167
85,TOMO,Ethereum,0xf977814e90da44bfa03b6295a0616a897441acec,16243940.909277873
86,VGX,Ethereum,0xf977814e90da44bfa03b6295a0616a897441acec,16174129.995795568
87,ETH,Ethereum,0x4976a4a02f38326660d17bf34b431dc6e2eb2327,15976534.084222643
88,WBETH,Ethereum,0x28c6c06298d514db089934071355e5743bf21d60,15976360.334775658
89,CHR,Ethereum,0xf977814e90da44bfa03b6295a0616a897441acec,15965969.910851521
90,GAL,Ethereum,0xf977814e90da44bfa03b6295a0616a897441acec,15730985.305207605
91,AGIX,Ethereum,0xbe0eb53f46cd790cd13851d5eff43d12404d33e8,15645492.292807795
92,ALICE,Ethereum,0xf977814e90da44bfa03b6295a0616a897441acec,15441663.18443989
93,WOO,Ethereum,0x5a52e96bacdabb82fd05763e25335261b270efcb,15334353.953227136
94,ANT,Ethereum,0xf977814e90da44bfa03b6295a0616a897441acec,14738344.854991479
95,HFT,Ethereum,0xf977814e90da44bfa03b6295a0616a897441acec,14547246.112289116
96,LINA,Ethereum,0xf977814e90da44bfa03b6295a0616a897441acec,14478207.350446718
97,ENJ,Ethereum,0xbe0eb53f46cd790cd13851d5eff43d12404d33e8,14420922.549299747
98,CELR,Ethereum,0xbe0eb53f46cd790cd13851d5eff43d12404d33e8,14369436.087209215
99,APE,Ethereum,0x5a52e96bacdabb82fd05763e25335261b270efcb,14183362.04794725
100,SSV,Ethereum,0x5a52e96bacdabb82fd05763e25335261b270efcb,14138180.085007211
101,IMX,Ethereum,0x5a52e96bacdabb82fd05763e25335261b270efcb,14135818.938641757
102,COMP,Ethereum,0xf977814e90da44bfa03b6295a0616a897441acec,13571400.883872004
103,CRV,Ethereum,0x5a52e96bacdabb82fd05763e25335261b270efcb,13431159.43248904
104,DEGO,Ethereum,0xf977814e90da44bfa03b6295a0616a897441acec,13086186.657537682
105,GAL,Ethereum,0x5a52e96bacdabb82fd05763e25335261b270efcb,12928276.365434138
106,PEOPLE,Ethereum,0xf977814e90da44bfa03b6295a0616a897441acec,12881812.658046164
107,COTI,Ethereum,0xbe0eb53f46cd790cd13851d5eff43d12404d33e8,12847211.572657835
108,THETA,Ethereum,0xf977814e90da44bfa03b6295a0616a897441acec,12655696.901635224
109,LDO,Ethereum,0xf977814e90da44bfa03b6295a0616a897441acec,12479958.243482342
110,PYR,Ethereum,0xf977814e90da44bfa03b6295a0616a897441acec,12472226.519352935
111,MATIC,Ethereum,0x28c6c06298d514db089934071355e5743bf21d60,12360886.531072825
112,TRU,Ethereum,0xf977814e90da44bfa03b6295a0616a897441acec,12344919.19235075
113,AAVE,Ethereum,0xf977814e90da44bfa03b6295a0616a897441acec,12317963.78192678
114,LOKA,Ethereum,0xf977814e90da44bfa03b6295a0616a897441acec,12098132.752116783
115,ARPA,Ethereum,0xbe0eb53f46cd790cd13851d5eff43d12404d33e8,11926675.420084426
116,RSR,Ethereum,0xf977814e90da44bfa03b6295a0616a897441acec,11916810.369405285
117,OCEAN,Ethereum,0x5a52e96bacdabb82fd05763e25335261b270efcb,11742054.466442917
118,STG,Ethereum,0xf977814e90da44bfa03b6295a0616a897441acec,11740309.409153769
119,COMP,Ethereum,0x5a52e96bacdabb82fd05763e25335261b270efcb,11674210.421072649
120,RLC,Ethereum,0xf977814e90da44bfa03b6295a0616a897441acec,11655836.578848535
121,ENJ,Ethereum,0x5a52e96bacdabb82fd05763e25335261b270efcb,11536738.039439797
122,HIGH,Ethereum,0x5a52e96bacdabb82fd05763e25335261b270efcb,11415178.18936911
123,ILV,Ethereum,0x5a52e96bacdabb82fd05763e25335261b270efcb,11150368.101570392
124,MASK,Ethereum,0x5a52e96bacdabb82fd05763e25335261b270efcb,11080744.326475458
125,ERN,Ethereum,0xf977814e90da44bfa03b6295a0616a897441acec,11080382.081423877
126,PAXG,Ethereum,0xbe0eb53f46cd790cd13851d5eff43d12404d33e8,11038475.112616235
127,AGIX,Ethereum,0x5a52e96bacdabb82fd05763e25335261b270efcb,10951844.604965456
128,CHR,Ethereum,0x5a52e96bacdabb82fd05763e25335261b270efcb,10812181.545749675
129,OGN,Ethereum,0xf977814e90da44bfa03b6295a0616a897441acec,10807862.788907241
130,OCEAN,Ethereum,0xbe0eb53f46cd790cd13851d5eff43d12404d33e8,10684796.700155813
131,DENT,Ethereum,0xbe0eb53f46cd790cd13851d5eff43d12404d33e8,10593591.211899785
132,CREAM,Ethereum,0xf977814e90da44bfa03b6295a0616a897441acec,10510294.065217357
133,AKRO,Ethereum,0xf977814e90da44bfa03b6295a0616a897441acec,10394597.611386003
134,STPT,Ethereum,0xf977814e90da44bfa03b6295a0616a897441acec,10389580.16272427
135,COMBO,Ethereum,0x28c6c06298d514db089934071355e5743bf21d60,10362166.41326728
136,AAVE,Ethereum,0x5a52e96bacdabb82fd05763e25335261b270efcb,10201127.249086363
137,YFII,Ethereum,0xf977814e90da44bfa03b6295a0616a897441acec,10031881.15520468
138,LRC,Ethereum,0xbe0eb53f46cd790cd13851d5eff43d12404d33e8,10031464.201122241
139,DODO,Ethereum,0xf977814e90da44bfa03b6295a0616a897441acec,9965175.780752648
140,YGG,Ethereum,0xf977814e90da44bfa03b6295a0616a897441acec,9953437.332642807
141,TUSD,Ethereum,0xdfd5293d8e347dfe59e90efd55b2956a1343963d,9622761.231336249
142,SRM,Ethereum,0xf977814e90da44bfa03b6295a0616a897441acec,9446019.28053439
143,NKN,Ethereum,0xf977814e90da44bfa03b6295a0616a897441acec,9423009.314846829
144,BAT,Ethereum,0xbe0eb53f46cd790cd13851d5eff43d12404d33e8,9385660.416016312
145,HFT,Ethereum,0x5a52e96bacdabb82fd05763e25335261b270efcb,9281136.509747822
146,OMG,Ethereum,0xf977814e90da44bfa03b6295a0616a897441acec,9244419.378259474
147,WBTC,Ethereum,0x21a31ee1afc51d94c2efccaa2092ad1028285549,9177531.558595257
148,KEY,Ethereum,0xf977814e90da44bfa03b6295a0616a897441acec,8913377.356869113
149,AUDIO,Ethereum,0xf977814e90da44bfa03b6295a0616a897441acec,8866249.277578749
150,ARPA,Ethereum,0x5a52e96bacdabb82fd05763e25335261b270efcb,8827865.753349535
151,ANKR,Ethereum,0xf977814e90da44bfa03b6295a0616a897441acec,8826085.213768942
152,LQTY,Ethereum,0xf977814e90da44bfa03b6295a0616a897441acec,8794374.034693345
153,WOO,Ethereum,0xf977814e90da44bfa03b6295a0616a897441acec,8762487.97327265
154,PHA,Ethereum,0xf977814e90da44bfa03b6295a0616a897441acec,8760272.368155
155,BEL,Ethereum,0xf977814e90da44bfa03b6295a0616a897441acec,8620579.140231015
156,CHR,Ethereum,0xbe0eb53f46cd790cd13851d5eff43d12404d33e8,8597060.721227743
157,ALICE,Ethereum,0x5a52e96bacdabb82fd05763e25335261b270efcb,8452028.007864356
158,SUSHI,Ethereum,0x5a52e96bacdabb82fd05763e25335261b270efcb,8288831.369811487
159,UNFI,Ethereum,0xf977814e90da44bfa03b6295a0616a897441acec,8175727.562020955
160,WBTC,Ethereum,0xdfd5293d8e347dfe59e90efd55b2956a1343963d,8135601.988618938
161,TOMO,Ethereum,0x5a52e96bacdabb82fd05763e25335261b270efcb,8121970.454638937
162,USDP,Ethereum,0x21a31ee1afc51d94c2efccaa2092ad1028285549,8108620.298619273
163,KEY,Ethereum,0xbe0eb53f46cd790cd13851d5eff43d12404d33e8,8010071.362003812
164,SUPER,Ethereum,0xf977814e90da44bfa03b6295a0616a897441acec,7989534.024224308
165,PROM,Ethereum,0xf977814e90da44bfa03b6295a0616a897441acec,7900361.735422092
166,PUNDIX,Ethereum,0xf977814e90da44bfa03b6295a0616a897441acec,7894780.490690706
167,TLM,Ethereum,0xf977814e90da44bfa03b6295a0616a897441acec,7892116.558563873
168,RLC,Ethereum,0xbe0eb53f46cd790cd13851d5eff43d12404d33e8,7770557.719232356
169,CELR,Ethereum,0xf977814e90da44bfa03b6295a0616a897441acec,7695564.309411733
170,DATA,Ethereum,0xf977814e90da44bfa03b6295a0616a897441acec,7536989.499207673
171,ELF,Ethereum,0x5a52e96bacdabb82fd05763e25335261b270efcb,7476273.114239935
172,FIS,Ethereum,0xf977814e90da44bfa03b6295a0616a897441acec,7466566.40019529
173,1INCH,Ethereum,0x5a52e96bacdabb82fd05763e25335261b270efcb,7364350.984765933
174,MDT,Ethereum,0x5a52e96bacdabb82fd05763e25335261b270efcb,7345590.411924871
175,OOKI,Ethereum,0xf977814e90da44bfa03b6295a0616a897441acec,7135265.354037381
176,ACH,Ethereum,0x5a52e96bacdabb82fd05763e25335261b270efcb,6968580.480921825
177,OMG,Ethereum,0x5a52e96bacdabb82fd05763e25335261b270efcb,6843591.132771635
178,DYDX,Ethereum,0x5a52e96bacdabb82fd05763e25335261b270efcb,6753706.852376117
179,ELF,Ethereum,0xf977814e90da44bfa03b6295a0616a897441acec,6739480.981242376
180,PERL,Ethereum,0xf977814e90da44bfa03b6295a0616a897441acec,6727182.64700991
181,RPL,Ethereum,0xf977814e90da44bfa03b6295a0616a897441acec,6419301.705387665
182,ELF,Ethereum,0xbe0eb53f46cd790cd13851d5eff43d12404d33e8,6398358.954999157
183,LINA,Ethereum,0x5a52e96bacdabb82fd05763e25335261b270efcb,6370411.234196556
184,VIDT,Ethereum,0xf977814e90da44bfa03b6295a0616a897441acec,6232803.855459326
185,MDT,Ethereum,0xbe0eb53f46cd790cd13851d5eff43d12404d33e8,6178488.840009279
186,DAR,Ethereum,0xf977814e90da44bfa03b6295a0616a897441acec,6091228.143677768
187,WNXM,Ethereum,0xf977814e90da44bfa03b6295a0616a897441acec,6053345.393329229
188,FORTH,Ethereum,0xf977814e90da44bfa03b6295a0616a897441acec,6011065.69964491
189,DREP,Ethereum,0xf977814e90da44bfa03b6295a0616a897441acec,5968125.024501289
190,ATA,Ethereum,0x5a52e96bacdabb82fd05763e25335261b270efcb,5934070.256075689
191,RLC,Ethereum,0x5a52e96bacdabb82fd05763e25335261b270efcb,5827918.289424268
192,GHST,Ethereum,0xf977814e90da44bfa03b6295a0616a897441acec,5781497.441996061
193,UTK,Ethereum,0xf977814e90da44bfa03b6295a0616a897441acec,5772488.408462994
194,STORJ,Ethereum,0xf977814e90da44bfa03b6295a0616a897441acec,5764605.803130071
195,COTI,Ethereum,0xf977814e90da44bfa03b6295a0616a897441acec,5709871.810070149
196,BAT,Ethereum,0xf977814e90da44bfa03b6295a0616a897441acec,5689579.214330036
197,MASK,Ethereum,0x28c6c06298d514db089934071355e5743bf21d60,5633264.572134962
198,TUSD,Ethereum,0x21a31ee1afc51d94c2efccaa2092ad1028285549,5559283.634410175
199,FXS,Ethereum,0xf977814e90da44bfa03b6295a0616a897441acec,5519552.348171038
200,ARPA,Ethereum,0xf977814e90da44bfa03b6295a0616a897441acec,5467793.237759661
201,APE,Ethereum,0x28c6c06298d514db089934071355e5743bf21d60,5441125.8061874425
202,LDO,Ethereum,0x28c6c06298d514db089934071355e5743bf21d60,5439157.99561551
203,GMT,Ethereum,0xf977814e90da44bfa03b6295a0616a897441acec,5412315.753630507
204,ZRX,Ethereum,0xbe0eb53f46cd790cd13851d5eff43d12404d33e8,5354614.19555092
205,HOT,Ethereum,0x5a52e96bacdabb82fd05763e25335261b270efcb,5337973.853057874
206,POND,Ethereum,0xf977814e90da44bfa03b6295a0616a897441acec,5309087.786796217
207,LRC,Ethereum,0x5a52e96bacdabb82fd05763e25335261b270efcb,5213826.474798093
208,KEY,Ethereum,0x5a52e96bacdabb82fd05763e25335261b270efcb,5192774.02360662
209,VIB,Ethereum,0xf977814e90da44bfa03b6295a0616a897441acec,5184840.417914279
210,RARE,Ethereum,0xf977814e90da44bfa03b6295a0616a897441acec,5110731.614604518
211,BADGER,Ethereum,0xf977814e90da44bfa03b6295a0616a897441acec,5066328.124888544
212,LINK,Ethereum,0x28c6c06298d514db089934071355e5743bf21d60,5059422.414932714
213,MKR,Ethereum,0xbe0eb53f46cd790cd13851d5eff43d12404d33e8,4980992.45232814
214,FXS,Ethereum,0x5a52e96bacdabb82fd05763e25335261b270efcb,4915354.7711605895
215,PEOPLE,Ethereum,0x5a52e96bacdabb82fd05763e25335261b270efcb,4895088.810057542
216,PERP,Ethereum,0xf977814e90da44bfa03b6295a0616a897441acec,4879445.471232457
217,JASMY,Ethereum,0x5a52e96bacdabb82fd05763e25335261b270efcb,4833917.178168673
218,RNDR,Ethereum,0x28c6c06298d514db089934071355e5743bf21d60,4807138.992346546
219,FARM,Ethereum,0xf977814e90da44bfa03b6295a0616a897441acec,4801812.018627042
220,FUN,Ethereum,0xbe0eb53f46cd790cd13851d5eff43d12404d33e8,4766519.667258061
221,SNX,Ethereum,0xbe0eb53f46cd790cd13851d5eff43d12404d33e8,4758018.099078233
222,SNM,Ethereum,0xf977814e90da44bfa03b6295a0616a897441acec,4731530.189789275
223,GTC,Ethereum,0x5a52e96bacdabb82fd05763e25335261b270efcb,4694624.202622464
224,PERP,Ethereum,0x5a52e96bacdabb82fd05763e25335261b270efcb,4684267.652383159
225,NMR,Ethereum,0xf977814e90da44bfa03b6295a0616a897441acec,4667269.774237104
226,GHST,Ethereum,0x5a52e96bacdabb82fd05763e25335261b270efcb,4662489.411871537
227,NKN,Ethereum,0xbe0eb53f46cd790cd13851d5eff43d12404d33e8,4615137.3434055
228,WBETH,Ethereum,0xdfd5293d8e347dfe59e90efd55b2956a1343963d,4610298.538961487
229,ANKR,Ethereum,0x5a52e96bacdabb82fd05763e25335261b270efcb,4572708.398081775
230,UMA,Ethereum,0xf977814e90da44bfa03b6295a0616a897441acec,4548931.645958425
231,SPELL,Ethereum,0xf977814e90da44bfa03b6295a0616a897441acec,4527685.996753803
232,SYN,Ethereum,0xf977814e90da44bfa03b6295a0616a897441acec,4502354.688699435
233,BEL,Ethereum,0x5a52e96bacdabb82fd05763e25335261b270efcb,4485912.8085267
234,ILV,Ethereum,0xf977814e90da44bfa03b6295a0616a897441acec,4460147.240628157
235,IDEX,Ethereum,0xbe0eb53f46cd790cd13851d5eff43d12404d33e8,4438067.1057693055
236,MTL,Ethereum,0x28c6c06298d514db089934071355e5743bf21d60,4412626.685474002
237,LPT,Ethereum,0x5a52e96bacdabb82fd05763e25335261b270efcb,4387736.118455566
238,RAD,Ethereum,0x5a52e96bacdabb82fd05763e25335261b270efcb,4341949.2739547305
239,TRB,Ethereum,0x5a52e96bacdabb82fd05763e25335261b270efcb,4295597.2374396175
240,DEXE,Ethereum,0xf977814e90da44bfa03b6295a0616a897441acec,4277824.684735112
241,MC,Ethereum,0xf977814e90da44bfa03b6295a0616a897441acec,4272756.076971581
242,WBETH,Ethereum,0x21a31ee1afc51d94c2efccaa2092ad1028285549,4225548.9816371165
243,OAX,Ethereum,0xf977814e90da44bfa03b6295a0616a897441acec,4221326.917426258
244,PYR,Ethereum,0x5a52e96bacdabb82fd05763e25335261b270efcb,4217289.11141059
245,DENT,Ethereum,0x5a52e96bacdabb82fd05763e25335261b270efcb,4195142.402505025
246,CVP,Ethereum,0xf977814e90da44bfa03b6295a0616a897441acec,4163793.4031143426
247,T,Ethereum,0xf977814e90da44bfa03b6295a0616a897441acec,4132908.781898912
248,SUPER,Ethereum,0x5a52e96bacdabb82fd05763e25335261b270efcb,4099467.1057762955
249,FUN,Ethereum,0xf977814e90da44bfa03b6295a0616a897441acec,4076429.291408809
250,AAVE,Ethereum,0x28c6c06298d514db089934071355e5743bf21d60,4072363.170974608
251,DYDX,Ethereum,0x28c6c06298d514db089934071355e5743bf21d60,3988467.2277013212
252,IDEX,Ethereum,0xf977814e90da44bfa03b6295a0616a897441acec,3959281.334984005
253,SNT,Ethereum,0xf977814e90da44bfa03b6295a0616a897441acec,3864204.8677514503
254,DODO,Ethereum,0x5a52e96bacdabb82fd05763e25335261b270efcb,3850815.4660030105
255,MTL,Ethereum,0x5a52e96bacdabb82fd05763e25335261b270efcb,3818161.6587265576
256,MTL,Ethereum,0xf977814e90da44bfa03b6295a0616a897441acec,3818161.6587265576
257,COTI,Ethereum,0x5a52e96bacdabb82fd05763e25335261b270efcb,3806581.2067134324
258,REQ,Ethereum,0xf977814e90da44bfa03b6295a0616a897441acec,3785139.827403157
259,SAND,Ethereum,0x28c6c06298d514db089934071355e5743bf21d60,3737286.203870292
260,DF,Ethereum,0xf977814e90da44bfa03b6295a0616a897441acec,3729128.753622713
261,FET,Ethereum,0xf977814e90da44bfa03b6295a0616a897441acec,3725096.5634471457
262,KNC,Ethereum,0x5a52e96bacdabb82fd05763e25335261b270efcb,3709235.960327763
263,CLV,Ethereum,0xf977814e90da44bfa03b6295a0616a897441acec,3706634.1841652896
264,SHIB,Ethereum,0x28c6c06298d514db089934071355e5743bf21d60,3686874.6910620527
265,SRM,Ethereum,0x28c6c06298d514db089934071355e5743bf21d60,3527943.9369501327
266,AUDIO,Ethereum,0xbe0eb53f46cd790cd13851d5eff43d12404d33e8,3511908.135139165
267,SNT,Ethereum,0x5a52e96bacdabb82fd05763e25335261b270efcb,3489400.251955597
268,AXS,Ethereum,0x5a52e96bacdabb82fd05763e25335261b270efcb,3476300.7947666277
269,BAL,Ethereum,0x5a52e96bacdabb82fd05763e25335261b270efcb,3434323.2042319486
270,LINA,Ethereum,0x28c6c06298d514db089934071355e5743bf21d60,3397304.426091413
271,LQTY,Ethereum,0x5a52e96bacdabb82fd05763e25335261b270efcb,3357825.757071727
272,CLV,Ethereum,0x5a52e96bacdabb82fd05763e25335261b270efcb,3335970.7657487607
273,LPT,Ethereum,0xf977814e90da44bfa03b6295a0616a897441acec,3318516.837767768
274,NEXO,Ethereum,0xf977814e90da44bfa03b6295a0616a897441acec,3279371.093005896
275,FET,Ethereum,0x28c6c06298d514db089934071355e5743bf21d60,3272297.1574463975
276,AERGO,Ethereum,0xf977814e90da44bfa03b6295a0616a897441acec,3258078.5017641457
277,AUCTION,Ethereum,0xf977814e90da44bfa03b6295a0616a897441acec,3140394.137625502
278,YFI,Ethereum,0xbe0eb53f46cd790cd13851d5eff43d12404d33e8,3130985.730106267
279,AST,Ethereum,0xbe0eb53f46cd790cd13851d5eff43d12404d33e8,3107048.2510082973
280,FLUX,Ethereum,0x5a52e96bacdabb82fd05763e25335261b270efcb,3081140.5973683195
281,IDEX,Ethereum,0x5a52e96bacdabb82fd05763e25335261b270efcb,3068813.3954040757
282,POLS,Ethereum,0xf977814e90da44bfa03b6295a0616a897441acec,3064975.006713751
283,1INCH,Ethereum,0xbe0eb53f46cd790cd13851d5eff43d12404d33e8,3029056.8040313637
284,REQ,Ethereum,0xbe0eb53f46cd790cd13851d5eff43d12404d33e8,3028111.861922526
285,ARPA,Ethereum,0x28c6c06298d514db089934071355e5743bf21d60,3000027.6501901946
286,SKL,Ethereum,0x5a52e96bacdabb82fd05763e25335261b270efcb,2988986.771264185
287,PROS,Ethereum,0xf977814e90da44bfa03b6295a0616a897441acec,2979382.207725353
288,UFT,Ethereum,0xf977814e90da44bfa03b6295a0616a897441acec,2969119.1358474228
289,UNI,Ethereum,0x28c6c06298d514db089934071355e5743bf21d60,2913920.588913787
290,AGIX,Ethereum,0x28c6c06298d514db089934071355e5743bf21d60,2913232.340042139
291,DIA,Ethereum,0x5a52e96bacdabb82fd05763e25335261b270efcb,2913026.524838474
292,LEVER,Ethereum,0x5a52e96bacdabb82fd05763e25335261b270efcb,2899852.6809693784
293,AUDIO,Ethereum,0x5a52e96bacdabb82fd05763e25335261b270efcb,2861887.597452473
294,CTSI,Ethereum,0xf977814e90da44bfa03b6295a0616a897441acec,2839968.8720785975
295,CTSI,Ethereum,0x5a52e96bacdabb82fd05763e25335261b270efcb,2813209.9255537493
296,AXS,Ethereum,0xf977814e90da44bfa03b6295a0616a897441acec,2777638.9835662437
297,POWR,Ethereum,0xbe0eb53f46cd790cd13851d5eff43d12404d33e8,2766187.188885875
298,POWR,Ethereum,0xf977814e90da44bfa03b6295a0616a897441acec,2766187.188885875
299,MAV,Ethereum,0xdfd5293d8e347dfe59e90efd55b2956a1343963d,2755003.2154458663
300,MAV,Ethereum,0x21a31ee1afc51d94c2efccaa2092ad1028285549,2755003.2154458663
301,UFT,Ethereum,0x5a52e96bacdabb82fd05763e25335261b270efcb,2735213.832607332
302,LTO,Ethereum,0xf977814e90da44bfa03b6295a0616a897441acec,2724125.363487377
303,ALPHA,Ethereum,0x5a52e96bacdabb82fd05763e25335261b270efcb,2706187.704351686
304,HIFI,Ethereum,0x5a52e96bacdabb82fd05763e25335261b270efcb,2702738.3543642056
305,BLZ,Ethereum,0xbe0eb53f46cd790cd13851d5eff43d12404d33e8,2701332.50987444
306,AXS,Ethereum,0x28c6c06298d514db089934071355e5743bf21d60,2643046.2645063545
307,FOR,Ethereum,0xf977814e90da44bfa03b6295a0616a897441acec,2602443.3908894253
308,COMP,Ethereum,0xbe0eb53f46cd790cd13851d5eff43d12404d33e8,2590599.476719381
309,FXS,Ethereum,0x28c6c06298d514db089934071355e5743bf21d60,2585729.564974252
310,MC,Ethereum,0x5a52e96bacdabb82fd05763e25335261b270efcb,2530214.6855805623
311,CHZ,Ethereum,0x28c6c06298d514db089934071355e5743bf21d60,2487337.6676871353
312,POLS,Ethereum,0x5a52e96bacdabb82fd05763e25335261b270efcb,2479931.280947802
313,BETA,Ethereum,0x5a52e96bacdabb82fd05763e25335261b270efcb,2474370.337149899
314,DAI,Ethereum,0x28c6c06298d514db089934071355e5743bf21d60,2472546.7973946617
315,STORJ,Ethereum,0x28c6c06298d514db089934071355e5743bf21d60,2417950.463944478
316,PNT,Ethereum,0xf977814e90da44bfa03b6295a0616a897441acec,2413646.0659467224
317,CELR,Ethereum,0x5a52e96bacdabb82fd05763e25335261b270efcb,2410872.0546317683
318,DIA,Ethereum,0xf977814e90da44bfa03b6295a0616a897441acec,2407186.2726344005
319,DIA,Ethereum,0xbe0eb53f46cd790cd13851d5eff43d12404d33e8,2407186.2726344005
320,TOMO,Ethereum,0x28c6c06298d514db089934071355e5743bf21d60,2382920.641235965
321,T,Ethereum,0x5a52e96bacdabb82fd05763e25335261b270efcb,2378350.061462657
322,C98,Ethereum,0x5a52e96bacdabb82fd05763e25335261b270efcb,2365854.949904663
323,GALA,Ethereum,0x5a52e96bacdabb82fd05763e25335261b270efcb,2364787.07292794
324,REN,Ethereum,0xbe0eb53f46cd790cd13851d5eff43d12404d33e8,2348820.9111945797
325,BICO,Ethereum,0x5a52e96bacdabb82fd05763e25335261b270efcb,2316510.0303196656
326,OM,Ethereum,0xf977814e90da44bfa03b6295a0616a897441acec,2277906.5501914974
327,MKR,Ethereum,0x28c6c06298d514db089934071355e5743bf21d60,2275369.530779852
328,ANKR,Ethereum,0xbe0eb53f46cd790cd13851d5eff43d12404d33e8,2268641.932554441
329,CRV,Ethereum,0x28c6c06298d514db089934071355e5743bf21d60,2252768.4804290645
330,OM,Ethereum,0x5a52e96bacdabb82fd05763e25335261b270efcb,2231974.9108506325
331,REN,Ethereum,0x5a52e96bacdabb82fd05763e25335261b270efcb,2231379.8656348507
332,ANT,Ethereum,0x5a52e96bacdabb82fd05763e25335261b270efcb,2197021.8752442244
333,PUNDIX,Ethereum,0x5a52e96bacdabb82fd05763e25335261b270efcb,2189007.317873332
334,DUSK,Ethereum,0x5a52e96bacdabb82fd05763e25335261b270efcb,2170551.1912207156
335,STPT,Ethereum,0x5a52e96bacdabb82fd05763e25335261b270efcb,2148767.5399903124
336,SPELL,Ethereum,0x5a52e96bacdabb82fd05763e25335261b270efcb,2135936.199697958
337,ALCX,Ethereum,0xf977814e90da44bfa03b6295a0616a897441acec,2120582.238261737
338,ACH,Ethereum,0x28c6c06298d514db089934071355e5743bf21d60,2029039.759259185
339,HIFI,Ethereum,0xf977814e90da44bfa03b6295a0616a897441acec,2027053.7657731543
340,UTK,Ethereum,0x5a52e96bacdabb82fd05763e25335261b270efcb,2020370.9429620476
341,MANA,Ethereum,0x28c6c06298d514db089934071355e5743bf21d60,2019043.8914998216
342,WNXM,Ethereum,0xbe0eb53f46cd790cd13851d5eff43d12404d33e8,2017781.7977764097
343,USDP,Ethereum,0x5a52e96bacdabb82fd05763e25335261b270efcb,1991769.068854964
344,DF,Ethereum,0x5a52e96bacdabb82fd05763e25335261b270efcb,1988028.1042077655
345,ZRX,Ethereum,0x5a52e96bacdabb82fd05763e25335261b270efcb,1983190.442796637
346,INJ,Ethereum,0xdfd5293d8e347dfe59e90efd55b2956a1343963d,1973697.7400226928
347,WTC,Ethereum,0xf977814e90da44bfa03b6295a0616a897441acec,1925042.9504304216
348,TVK,Ethereum,0x5a52e96bacdabb82fd05763e25335261b270efcb,1902249.6515338817
349,REQ,Ethereum,0x5a52e96bacdabb82fd05763e25335261b270efcb,1892569.9137015785
350,DEXE,Ethereum,0x5a52e96bacdabb82fd05763e25335261b270efcb,1891893.5390358442
351,1INCH,Ethereum,0x28c6c06298d514db089934071355e5743bf21d60,1879816.4410698493
352,AST,Ethereum,0x5a52e96bacdabb82fd05763e25335261b270efcb,1864228.9506049783
353,FOR,Ethereum,0x5a52e96bacdabb82fd05763e25335261b270efcb,1858888.1363495896
354,T,Ethereum,0x28c6c06298d514db089934071355e5743bf21d60,1855641.4682453498
355,AUCTION,Ethereum,0x5a52e96bacdabb82fd05763e25335261b270efcb,1834611.0953644149
356,PEPE,Ethereum,0xdfd5293d8e347dfe59e90efd55b2956a1343963d,1796323.7344068526
357,STMX,Ethereum,0x5a52e96bacdabb82fd05763e25335261b270efcb,1795561.3492675102
358,GLM,Ethereum,0x5a52e96bacdabb82fd05763e25335261b270efcb,1792195.849527776
359,ALCX,Ethereum,0x5a52e96bacdabb82fd05763e25335261b270efcb,1771116.2477103332
360,FLUX,Ethereum,0xf977814e90da44bfa03b6295a0616a897441acec,1760651.769924754
361,OXT,Ethereum,0x28c6c06298d514db089934071355e5743bf21d60,1746671.6515888036
362,ENJ,Ethereum,0x28c6c06298d514db089934071355e5743bf21d60,1744231.345582091
363,FTT,Ethereum,0xbe0eb53f46cd790cd13851d5eff43d12404d33e8,1733045.2618966324
364,MATIC,Ethereum,0x21a31ee1afc51d94c2efccaa2092ad1028285549,1698464.732250439
365,HBTC,Ethereum,0xf977814e90da44bfa03b6295a0616a897441acec,1696719.6681224792
366,SNX,Ethereum,0x28c6c06298d514db089934071355e5743bf21d60,1696540.5192381784
367,MLN,Ethereum,0xf977814e90da44bfa03b6295a0616a897441acec,1686700.7294386805
368,CVP,Ethereum,0x5a52e96bacdabb82fd05763e25335261b270efcb,1680393.6239248863
369,QKC,Ethereum,0xbe0eb53f46cd790cd13851d5eff43d12404d33e8,1663125.4704441645
370,MATIC,Ethereum,0xdfd5293d8e347dfe59e90efd55b2956a1343963d,1661721.0574554445
371,BADGER,Ethereum,0x5a52e96bacdabb82fd05763e25335261b270efcb,1633329.4573553663
372,ANKR,Ethereum,0x28c6c06298d514db089934071355e5743bf21d60,1623426.6124810036
373,RNDR,Ethereum,0xdfd5293d8e347dfe59e90efd55b2956a1343963d,1615618.414144168
374,OAX,Ethereum,0xbe0eb53f46cd790cd13851d5eff43d12404d33e8,1613570.0849028875
375,RPL,Ethereum,0x28c6c06298d514db089934071355e5743bf21d60,1578166.7664837446
376,LINK,Ethereum,0x21a31ee1afc51d94c2efccaa2092ad1028285549,1557785.155221517
377,OXT,Ethereum,0xf977814e90da44bfa03b6295a0616a897441acec,1514683.791795699
378,STPT,Ethereum,0xbe0eb53f46cd790cd13851d5eff43d12404d33e8,1507907.045607237
379,LRC,Ethereum,0x28c6c06298d514db089934071355e5743bf21d60,1504790.619440311
380,SUSD,Ethereum,0xf977814e90da44bfa03b6295a0616a897441acec,1500839.451269382
381,RNDR,Ethereum,0x21a31ee1afc51d94c2efccaa2092ad1028285549,1488112.1091854281
382,SNM,Ethereum,0x5a52e96bacdabb82fd05763e25335261b270efcb,1479716.3677434109
383,CREAM,Ethereum,0x28c6c06298d514db089934071355e5743bf21d60,1452751.6843829916
384,STORJ,Ethereum,0x5a52e96bacdabb82fd05763e25335261b270efcb,1441151.4507825177
385,POND,Ethereum,0x5a52e96bacdabb82fd05763e25335261b270efcb,1441038.113558973
386,CTSI,Ethereum,0xbe0eb53f46cd790cd13851d5eff43d12404d33e8,1419572.7599389167
387,UNI,Ethereum,0x21a31ee1afc51d94c2efccaa2092ad1028285549,1358828.4770605988
388,VIB,Ethereum,0xbe0eb53f46cd790cd13851d5eff43d12404d33e8,1317963.5307080648
389,IQ,Ethereum,0xf977814e90da44bfa03b6295a0616a897441acec,1313205.4137885796
390,DREP,Ethereum,0x5a52e96bacdabb82fd05763e25335261b270efcb,1305190.8517438117
391,CVX,Ethereum,0x5a52e96bacdabb82fd05763e25335261b270efcb,1283928.183371175
392,CTSI,Ethereum,0x28c6c06298d514db089934071355e5743bf21d60,1283750.4359263526
393,API3,Ethereum,0x5a52e96bacdabb82fd05763e25335261b270efcb,1283378.4981926463
394,GMT,Ethereum,0x5a52e96bacdabb82fd05763e25335261b270efcb,1281355.5411749713
395,NMR,Ethereum,0xbe0eb53f46cd790cd13851d5eff43d12404d33e8,1254297.61545579
396,UNI,Ethereum,0xdfd5293d8e347dfe59e90efd55b2956a1343963d,1239609.0920283976
397,PROS,Ethereum,0x5a52e96bacdabb82fd05763e25335261b270efcb,1239422.9984137467
398,BLZ,Ethereum,0x5a52e96bacdabb82fd05763e25335261b270efcb,1237210.2895224933
399,STG,Ethereum,0x28c6c06298d514db089934071355e5743bf21d60,1204171.4335114313
400,DATA,Ethereum,0x5a52e96bacdabb82fd05763e25335261b270efcb,1202290.756284678
401,FET,Ethereum,0x5a52e96bacdabb82fd05763e25335261b270efcb,1201416.1167521963
402,GNO,Ethereum,0x5a52e96bacdabb82fd05763e25335261b270efcb,1187397.333529023
403,HFT,Ethereum,0x28c6c06298d514db089934071355e5743bf21d60,1186942.130645719
404,AERGO,Ethereum,0x5a52e96bacdabb82fd05763e25335261b270efcb,1171240.961823877
405,ENS,Ethereum,0x28c6c06298d514db089934071355e5743bf21d60,1148968.6259750654
406,FTM,Ethereum,0x28c6c06298d514db089934071355e5743bf21d60,1142575.8383354992
407,AKRO,Ethereum,0x5a52e96bacdabb82fd05763e25335261b270efcb,1128786.0105488494
408,APE,Ethereum,0x21a31ee1afc51d94c2efccaa2092ad1028285549,1127583.2969001732
409,DODO,Ethereum,0xbe0eb53f46cd790cd13851d5eff43d12404d33e8,1113471.4690350194
410,QSP,Ethereum,0xf977814e90da44bfa03b6295a0616a897441acec,1111171.2975250871
411,RLC,Ethereum,0x28c6c06298d514db089934071355e5743bf21d60,1098043.1357729437
412,BOBA,Ethereum,0xf977814e90da44bfa03b6295a0616a897441acec,1078846.8508786994
413,WETH,Ethereum,0x28c6c06298d514db089934071355e5743bf21d60,1072808.4543649603
414,LINK,Ethereum,0xdfd5293d8e347dfe59e90efd55b2956a1343963d,1068987.7055290954
415,TROY,Ethereum,0xbe0eb53f46cd790cd13851d5eff43d12404d33e8,1063484.6042760387
416,PLA,Ethereum,0x5a52e96bacdabb82fd05763e25335261b270efcb,1057152.997100864
417,BAT,Ethereum,0x5a52e96bacdabb82fd05763e25335261b270efcb,1047344.3253462729
418,VIDT,Ethereum,0x5a52e96bacdabb82fd05763e25335261b270efcb,1038800.6425765542
419,AST,Ethereum,0xf977814e90da44bfa03b6295a0616a897441acec,1035682.7503360991
420,UMA,Ethereum,0xbe0eb53f46cd790cd13851d5eff43d12404d33e8,1026953.161596636
421,OXT,Ethereum,0x5a52e96bacdabb82fd05763e25335261b270efcb,1009789.194530466
422,AMP,Ethereum,0x5a52e96bacdabb82fd05763e25335261b270efcb,996488.9966044918
423,CTXC,Ethereum,0xf977814e90da44bfa03b6295a0616a897441acec,984351.5505155147
424,LDO,Ethereum,0x21a31ee1afc51d94c2efccaa2092ad1028285549,972567.5502746915
425,OMG,Ethereum,0x28c6c06298d514db089934071355e5743bf21d60,967283.6895126592
426,MASK,Ethereum,0xdfd5293d8e347dfe59e90efd55b2956a1343963d,964780.0949525668
427,PEPE,Ethereum,0x21a31ee1afc51d94c2efccaa2092ad1028285549,951539.003170709
428,BNT,Ethereum,0x5a52e96bacdabb82fd05763e25335261b270efcb,950919.2917048706
429,AAVE,Ethereum,0xdfd5293d8e347dfe59e90efd55b2956a1343963d,946783.9481046451
430,GALA,Ethereum,0x28c6c06298d514db089934071355e5743bf21d60,941226.56312591
431,GNO,Ethereum,0xf977814e90da44bfa03b6295a0616a897441acec,909284.6630839843
432,CND,Ethereum,0xf977814e90da44bfa03b6295a0616a897441acec,905211.1703894022
433,GAL,Ethereum,0x28c6c06298d514db089934071355e5743bf21d60,894617.7460949369
434,SHIB,Ethereum,0xdfd5293d8e347dfe59e90efd55b2956a1343963d,889682.624018381
435,FET,Ethereum,0x21a31ee1afc51d94c2efccaa2092ad1028285549,873871.1390734455
436,DNT,Ethereum,0xf977814e90da44bfa03b6295a0616a897441acec,855906.1991937903
437,TRIBE,Ethereum,0xf977814e90da44bfa03b6295a0616a897441acec,853077.104633663
438,QKC,Ethereum,0xf977814e90da44bfa03b6295a0616a897441acec,831562.7352220822
439,MASK,Ethereum,0x21a31ee1afc51d94c2efccaa2092ad1028285549,815263.8611310505
440,MDXT,Ethereum,0x5a52e96bacdabb82fd05763e25335261b270efcb,814317.3669294447
441,MDXT,Ethereum,0xf977814e90da44bfa03b6295a0616a897441acec,810088.1381663433
442,ANT,Ethereum,0x28c6c06298d514db089934071355e5743bf21d60,806495.7976591408
443,UNFI,Ethereum,0x5a52e96bacdabb82fd05763e25335261b270efcb,804264.4800337387
444,LDO,Ethereum,0xdfd5293d8e347dfe59e90efd55b2956a1343963d,801835.3836810575
445,PHA,Ethereum,0x5a52e96bacdabb82fd05763e25335261b270efcb,801184.3132013713
446,CRV,Ethereum,0xdfd5293d8e347dfe59e90efd55b2956a1343963d,785944.1607889242
447,AUDIO,Ethereum,0x28c6c06298d514db089934071355e5743bf21d60,781506.5310343066
448,ADX,Ethereum,0x5a52e96bacdabb82fd05763e25335261b270efcb,778402.3852127168
449,YFI,Ethereum,0x28c6c06298d514db089934071355e5743bf21d60,771600.1233273884
450,TRIBE,Ethereum,0x5a52e96bacdabb82fd05763e25335261b270efcb,768195.41518917
451,DNT,Ethereum,0x5a52e96bacdabb82fd05763e25335261b270efcb,767959.1286627069
452,IQ,Ethereum,0x5a52e96bacdabb82fd05763e25335261b270efcb,757281.7886180809
453,TRU,Ethereum,0x28c6c06298d514db089934071355e5743bf21d60,754675.4658131176
454,FUN,Ethereum,0x5a52e96bacdabb82fd05763e25335261b270efcb,734838.4487022844
455,PNT,Ethereum,0xbe0eb53f46cd790cd13851d5eff43d12404d33e8,728335.6783009716
456,SNX,Ethereum,0xdfd5293d8e347dfe59e90efd55b2956a1343963d,712051.593503787
457,DYDX,Ethereum,0x21a31ee1afc51d94c2efccaa2092ad1028285549,709540.7370200187
458,APE,Ethereum,0xdfd5293d8e347dfe59e90efd55b2956a1343963d,705693.2586626889
459,CREAM,Ethereum,0x5a52e96bacdabb82fd05763e25335261b270efcb,700652.2699168365
460,QKC,Ethereum,0x5a52e96bacdabb82fd05763e25335261b270efcb,695872.6938760591
461,POWR,Ethereum,0x5a52e96bacdabb82fd05763e25335261b270efcb,691546.7972214688
462,LINA,Ethereum,0x21a31ee1afc51d94c2efccaa2092ad1028285549,677245.7888732338
463,LINA,Ethereum,0xdfd5293d8e347dfe59e90efd55b2956a1343963d,675876.4672410585
464,FLUX,Ethereum,0x28c6c06298d514db089934071355e5743bf21d60,672128.8527834398
465,SSV,Ethereum,0x28c6c06298d514db089934071355e5743bf21d60,669866.5261682597
466,SNX,Ethereum,0x21a31ee1afc51d94c2efccaa2092ad1028285549,667651.1610645644
467,NEXO,Ethereum,0x28c6c06298d514db089934071355e5743bf21d60,666680.0139792281
468,SAND,Ethereum,0xdfd5293d8e347dfe59e90efd55b2956a1343963d,666164.1763949295
469,AGLD,Ethereum,0x28c6c06298d514db089934071355e5743bf21d60,661203.2913413519
470,QNT,Ethereum,0xdfd5293d8e347dfe59e90efd55b2956a1343963d,659791.448940218
471,TLM,Ethereum,0x5a52e96bacdabb82fd05763e25335261b270efcb,658052.4318939955
472,GRT,Ethereum,0xdfd5293d8e347dfe59e90efd55b2956a1343963d,657647.9223220039
473,PERL,Ethereum,0x5a52e96bacdabb82fd05763e25335261b270efcb,655900.3080834663
474,HIFI,Ethereum,0x28c6c06298d514db089934071355e5743bf21d60,648246.4259801984
475,OGV,Ethereum,0xf977814e90da44bfa03b6295a0616a897441acec,643780.4569383838
476,CLV,Ethereum,0x28c6c06298d514db089934071355e5743bf21d60,616810.2093934602
477,MKR,Ethereum,0xdfd5293d8e347dfe59e90efd55b2956a1343963d,610564.6309827619
478,IMX,Ethereum,0x28c6c06298d514db089934071355e5743bf21d60,605061.9534394854
479,ID,Ethereum,0x28c6c06298d514db089934071355e5743bf21d60,597458.2452297424
480,BOND,Ethereum,0x5a52e96bacdabb82fd05763e25335261b270efcb,591138.7119935004
481,CRV,Ethereum,0x21a31ee1afc51d94c2efccaa2092ad1028285549,584676.8215858515
482,COTI,Ethereum,0x28c6c06298d514db089934071355e5743bf21d60,576928.7636975416
483,STORJ,Ethereum,0x21a31ee1afc51d94c2efccaa2092ad1028285549,576428.3331081443
484,GALA,Ethereum,0x21a31ee1afc51d94c2efccaa2092ad1028285549,575961.1651987741
485,PEOPLE,Ethereum,0x28c6c06298d514db089934071355e5743bf21d60,571632.529608901
486,YGG,Ethereum,0x28c6c06298d514db089934071355e5743bf21d60,571204.3525578482
487,VGX,Ethereum,0x28c6c06298d514db089934071355e5743bf21d60,568901.1334121053
488,SPELL,Ethereum,0x28c6c06298d514db089934071355e5743bf21d60,567206.3314875631
489,IDEX,Ethereum,0x28c6c06298d514db089934071355e5743bf21d60,565813.7615232101
490,GRT,Ethereum,0x21a31ee1afc51d94c2efccaa2092ad1028285549,559104.3935818142
491,AGLD,Ethereum,0x5a52e96bacdabb82fd05763e25335261b270efcb,559086.8781350834
492,FET,Ethereum,0xdfd5293d8e347dfe59e90efd55b2956a1343963d,554298.312860826
493,BAT,Ethereum,0x28c6c06298d514db089934071355e5743bf21d60,553522.7656948025
494,HOT,Ethereum,0x28c6c06298d514db089934071355e5743bf21d60,553048.6572398262
495,SNT,Ethereum,0x28c6c06298d514db089934071355e5743bf21d60,547514.510659976
496,WTC,Ethereum,0xbe0eb53f46cd790cd13851d5eff43d12404d33e8,544845.1929532889
497,MTL,Ethereum,0x21a31ee1afc51d94c2efccaa2092ad1028285549,543474.3559723329
498,MKR,Ethereum,0x21a31ee1afc51d94c2efccaa2092ad1028285549,537796.1416619818
499,SHIB,Ethereum,0x21a31ee1afc51d94c2efccaa2092ad1028285549,535258.9586895736
500,AAVE,Ethereum,0x21a31ee1afc51d94c2efccaa2092ad1028285549,527981.186195593
