name,balance,network,walletAddress,priceUsd,balanceUSD,updateTime
BTC,248597.39,Bitcoin,34xp4vRoCGJym3xR7yCVPFHoCNxv4Twseo,30613.77302823114,7610504072.870658,2023-06-23 17:19:15
USDT,5830652389.41,Tron20,TWd4WrZ9wn84f5x1hZhL4DHvk738ns5jwb,1.0004007006053255,5832988735.351879,2023-06-23 17:25:56
BNB,17185720.59,BNB Beacon Chain (BEP2),bnb142q467df6jun6rt5u2ar58sp47hm5f9wvz2cvg,246.33227926255861,4233397723.7041836,2023-06-23 17:18:22
USDT,3999333220.56,Tron20,TMuA6YqfCeX8EhbfYEg5y7S4DqzSJireY9,1.0004007006053255,4000935755.8023767,2023-06-23 17:26:01
ETH,1996008.36,Ethereum,0xbe0eb53f46cd790cd13851d5eff43d12404d33e8,1886.1064541658307,3764684250.364955,2023-06-23 17:11:47
BNB,11580492.47,BNB Smart Chain (BEP20),0xf977814e90da44bfa03b6295a0616a897441acec,246.33227926255861,2852649105.117997,2023-06-23 17:15:38
ETH,1170814.9,Ethereum,0xf977814e90da44bfa03b6295a0616a897441acec,1886.1064541658307,2208281539.5235214,2023-06-23 17:11:09
TUSD,2162064465.05,Tron20,TWd4WrZ9wn84f5x1hZhL4DHvk738ns5jwb,0.9993511155882908,2160661535.121519,2023-06-23 17:25:56
USDT,2143157755.25,Ethereum,0xf977814e90da44bfa03b6295a0616a897441acec,1.0004007006053255,2144016519.8598366,2023-06-23 17:11:09
USDT,1615000000,Tron20,TJCo98saj6WND61g1uuKwJ9GMWMT9WkJFo,1.0004007006053255,1615647131.4776006,2023-06-23 17:25:43
BTC,40041.05,Bitcoin,38DN2uFMZPiHLHJigfv4kWC9JWJrNnhLcn,30613.77302823114,1225807616.5120544,2023-06-23 17:19:15
BTC,37926.98,Bitcoin,3LQUu4v9z6KNch71j7kbj8GPeAGUo1FW6a,30613.77302823114,1161087957.366262,2023-06-23 17:19:16
BNB,4199132.84,BNB Beacon Chain (BEP2),bnb1u2agwjat20494fmc6jnuau0ls937cfjn4pjwtn,246.33227926255861,1034381963.4034609,2023-06-23 17:18:20
BUSD,1000000000,Ethereum,0xbe0eb53f46cd790cd13851d5eff43d12404d33e8,1.0001641908688188,1000164190.8688188,2023-06-23 17:11:47
BTC,31529.16,Bitcoin,bc1qm34lsc65zpw79lxes69zkqmk6ee3ewf0j77s3h,30613.77302823114,965226548.010784,2023-06-23 17:19:15
BTC,31275.35,Bitcoin,3FHNBLobJnbCTFTVakh5TXmEneyf5PT61B,30613.77302823114,957456466.2784888,2023-06-23 17:19:16
BUSD,900228791,Ethereum,0xf977814e90da44bfa03b6295a0616a897441acec,1.0001641908688188,900376600.34733,2023-06-23 17:11:09
BTC,17669.23,Bitcoin,3Qxak1CZhLyZ7GVckKphLURdLBCjMfz9bA,30613.77302823114,540921796.8036125,2023-06-23 17:19:15
USDT,529047740.43,Tron20,TV6MuMXfmLbBqPZvBHdwFsDnQeVfnmiuSi,1.0004007006053255,529259730.1798364,2023-06-23 17:25:35
BTC,16306.63,Bitcoin,34HpHYiyQwg69gFmCq2BGHjF1DZnZnBeBP,30613.77302823114,499207469.6753447,2023-06-23 17:19:16
DOGE,6719803409.99,Dogechain,DE5opaXjFgDhFBqL6tBDxTAQ56zkX6EToX,0.06780713373436746,455650608.4898504,2023-06-23 17:12:37
TUSD,389561742.74,Ethereum,0xf977814e90da44bfa03b6295a0616a897441acec,0.9993511155882908,389308962.19773775,2023-06-23 17:11:09
LINK,62000000,Ethereum,0xf977814e90da44bfa03b6295a0616a897441acec,6.051941676694777,375220383.95507616,2023-06-23 17:11:09
SHIB,44926053923695.45,Ethereum,0x5a52e96bacdabb82fd05763e25335261b270efcb,7.962453971363096e-06,357721636.4824015,2023-06-23 17:12:03
USDT,355347930.8,Avalanche C-Chain,0x4aefa39caeadd662ae31ab0ce7c8c2c9c0a013e8,1.0004007006053255,355490318.93097275,2023-06-23 17:21:44
MATIC,520840198.87,Ethereum,0xf977814e90da44bfa03b6295a0616a897441acec,0.6767430239268217,352474971.165931,2023-06-23 17:11:09
USDT,319369099.6,Ethereum,0x28c6c06298d514db089934071355e5743bf21d60,1.0004007006053255,319497070.991532,2023-06-23 17:11:38
ETH,167917.21,Ethereum,0x28c6c06298d514db089934071355e5743bf21d60,1886.1064541658307,316709733.54651916,2023-06-23 17:11:38
BTC,10031.96,Bitcoin,36zSLdRv1jyewjaC12fqK5fptn7PqewunL,30613.77302823114,307116146.4682936,2023-06-23 17:19:15
SHIB,33934483609591.29,Ethereum,0xf977814e90da44bfa03b6295a0616a897441acec,7.962453971363096e-06,270201763.78334606,2023-06-23 17:11:09
ETH,130995.73,BNB Smart Chain (BEP20),0xf977814e90da44bfa03b6295a0616a897441acec,1886.1064541658307,247071891.82116452,2023-06-23 17:15:38
LTC,2504667.35,Litecoin,M8T1B2Z97gVdvmfkQcAtYbEepune1tzGua,91.2417333509287,228530190.4814772,2023-06-23 17:19:34
BUSD,192084049.27,Ethereum,0x28c6c06298d514db089934071355e5743bf21d60,1.0001641908688188,192115587.71693587,2023-06-23 17:11:38
USDC,187546316.73,Ethereum,0x28c6c06298d514db089934071355e5743bf21d60,0.999962720808448,187539325.15493372,2023-06-23 17:11:38
LTC,1947812.38,Litecoin,MQd1fJwqBJvwLuyhr17PhEFx1swiqDbPQS,91.2417333509287,177721777.7935978,2023-06-23 17:19:28
BETH,93092.86,BNB Smart Chain (BEP20),0xf977814e90da44bfa03b6295a0616a897441acec,1885.5450335467958,175530779.83166716,2023-06-23 17:15:38
USDC,150129012,Avalanche C-Chain,0x4aefa39caeadd662ae31ab0ce7c8c2c9c0a013e8,0.999962720808448,150123415.31180415,2023-06-23 17:21:44
SAND,319851628.09,Ethereum,0xf977814e90da44bfa03b6295a0616a897441acec,0.4418509684342,141326751.62682205,2023-06-23 17:11:09
GALA,4591458487.23,Ethereum,0xf977814e90da44bfa03b6295a0616a897441acec,0.026250574392547184,120528422.58932325,2023-06-23 17:11:09
BTC,3821.08,Bitcoin,3EbJfpmFgufYtzW9UFvf1GAfm2ted1Rwnr,30613.77302823114,116977675.84271343,2023-06-23 17:19:14
OP,86154362.94,Optimism,0xF977814e90dA44bFA03b6295A0616a897441aceC,1.3437617346654271,115770936.19324918,2023-06-23 17:22:19
CHZ,1431961450.18,Ethereum,0xf977814e90da44bfa03b6295a0616a897441acec,0.08005043954102323,114629143.49271004,2023-06-23 17:11:09
ETH,59998.92,Ethereum,0x5a52e96bacdabb82fd05763e25335261b270efcb,1886.1064541658307,113164350.25497934,2023-06-23 17:12:03
TWT,106722969.71,BNB Beacon Chain (BEP2),bnb1u2agwjat20494fmc6jnuau0ls937cfjn4pjwtn,0.9384467012693389,100153818.87401707,2023-06-23 17:18:20
USDT,97256148.36,Polygon,0xe7804c37c13166ff0b37f5ae0bb07a3aebb6e245,1.0004007006053255,97295118.95751947,2023-06-23 17:21:29
BUSD,96000000,Tron20,TWd4WrZ9wn84f5x1hZhL4DHvk738ns5jwb,1.0001641908688188,96015762.3234066,2023-06-23 17:25:56
USDT,93648174.34,Tron20,TAzsQ9Gx8eqFNFSKbeXrbi45CuVPHzA8wr,1.0004007006053255,93685699.22014567,2023-06-23 17:25:41
BNB,378675.14,BNB Smart Chain (BEP20),0x8894e0a0c962cb723c1976a4421c95949be2d4e3,246.33227926255861,93279910.33626848,2023-06-23 17:15:51
BTCB,3043.27,BNB Beacon Chain (BEP2),bnb1u2agwjat20494fmc6jnuau0ls937cfjn4pjwtn,30616.187687888374,93173325.50492005,2023-06-23 17:18:20
RNDR,42000000,Ethereum,0xf977814e90da44bfa03b6295a0616a897441acec,2.1475819735862176,90198442.89062114,2023-06-23 17:11:09
FTM,259004678.91,Ethereum,0xf977814e90da44bfa03b6295a0616a897441acec,0.31875698105129213,82559549.52751087,2023-06-23 17:11:09
CHZ,1002204604.98,BNB Beacon Chain (BEP2),bnb142q467df6jun6rt5u2ar58sp47hm5f9wvz2cvg,0.08005043954102323,80226919.13868655,2023-06-23 17:18:22
EDU,96533701.45,BNB Smart Chain (BEP20),0xf977814e90da44bfa03b6295a0616a897441acec,0.8077439010915382,77974508.59602888,2023-06-23 17:15:38
DYDX,41022929.76,Ethereum,0xf977814e90da44bfa03b6295a0616a897441acec,1.8760371104011295,76960538.6071389,2023-06-23 17:11:09
TUSD,75988694.25,Tron20,TV6MuMXfmLbBqPZvBHdwFsDnQeVfnmiuSi,0.9993511155882908,75939386.37083504,2023-06-23 17:25:35
USDT,75452742.08,Tron20,TYASr5UV6HEcXatwdFQfmLVUqQQQMUxHLS,1.0004007006053255,75482976.03942493,2023-06-23 17:25:46
CHZ,914860209.72,BNB Beacon Chain (BEP2),bnb1u2agwjat20494fmc6jnuau0ls937cfjn4pjwtn,0.08005043954102323,73234961.90667869,2023-06-23 17:18:20
CHZ,900000000,Ethereum,0xbe0eb53f46cd790cd13851d5eff43d12404d33e8,0.08005043954102323,72045395.5869209,2023-06-23 17:11:47
BNX,235000000,BNB Smart Chain (BEP20),0xf977814e90da44bfa03b6295a0616a897441acec,0.304293712364685,71509022.40570098,2023-06-23 17:15:38
AVAX,5394396,Avalanche C-Chain,0x4aefa39caeadd662ae31ab0ce7c8c2c9c0a013e8,13.199424990342829,71202925.37020539,2023-06-23 17:21:44
USDC,70942480.62,Ethereum,0xdfd5293d8e347dfe59e90efd55b2956a1343963d,0.999962720808448,70939835.9416758,2023-06-23 17:11:28
USDT,70000000,Polygon,0xf977814e90da44bfa03b6295a0616a897441acec,1.0004007006053255,70028049.04237278,2023-06-23 17:21:23
USDT,69838588.77,Tron20,TNXoiAJ3dct8Fjg4M9fkLFh9S2v9TXc32G,1.0004007006053255,69866573.13479522,2023-06-23 17:25:50
THETA,90000000,Ethereum,0xbe0eb53f46cd790cd13851d5eff43d12404d33e8,0.7570620059297802,68135580.53368022,2023-06-23 17:11:47
BTCB,2174.73,BNB Smart Chain (BEP20),0x8894e0a0c962cb723c1976a4421c95949be2d4e3,30616.187687888374,66581941.85048149,2023-06-23 17:15:51
LTC,703745.76,Litecoin,LZEjckteAtWrugbsy9zU8VHEZ4iUiXo9Nm,91.2417333509287,64210982.98076666,2023-06-23 17:19:36
FTM,200000000,Ethereum,0xbe0eb53f46cd790cd13851d5eff43d12404d33e8,0.31875698105129213,63751396.210258424,2023-06-23 17:11:47
USDT,61460313.9,Tron20,TJDENsfBJs4RFETt1X1W8wMDc8M5XnJhCe,1.0004007006053255,61484941.08498322,2023-06-23 17:25:38
BTC,1999.92,Bitcoin,3HdGoUTbcztBnS7UzY4vSPYhwr424CiWAA,30613.77302823114,61225096.95462002,2023-06-23 17:19:17
BTC,1999.8,Bitcoin,3LcgLHzTvjLKBixBvkKGiadtiw2GBSKKqH,30613.77302823114,61221423.30185663,2023-06-23 17:19:17
USDC,60050250.23,Avalanche C-Chain,0x9f8c163cba728e99993abe7495f06c0a3c8ac8b9,0.999962720808448,60048011.605218925,2023-06-23 17:21:43
TUSD,59992504.22,Ethereum,0x28c6c06298d514db089934071355e5743bf21d60,0.9993511155882908,59953576.01919224,2023-06-23 17:11:38
USDT,58205901.7,Arbitrum,0xb38e8c17e38363af6ebdcb3dae12e0243582891d,1.0004007006053255,58229224.84004471,2023-06-23 17:26:51
USDT,55825701.25,Tron20,TQrY8tryqsYVCYS3MFbtffiPp2ccyn4STm,1.0004007006053255,55848070.642283596,2023-06-23 17:26:04
UNI,11223500.5,Ethereum,0xf977814e90da44bfa03b6295a0616a897441acec,4.821953227642379,54119194.46142086,2023-06-23 17:11:09
USDT,53874812.91,Avalanche C-Chain,0x9f8c163cba728e99993abe7495f06c0a3c8ac8b9,1.0004007006053255,53896400.58014483,2023-06-23 17:21:43
SSV,2950000,Ethereum,0xf977814e90da44bfa03b6295a0616a897441acec,18.25512941694205,53852631.77997905,2023-06-23 17:11:09
BTC,1758.53,Bitcoin,395vnFScKQ1ay695C6v7gf89UzoFpx3WuJ,30613.77302823114,53835238.283335306,2023-06-23 17:19:17
AGIX,210012337.3,Ethereum,0xf977814e90da44bfa03b6295a0616a897441acec,0.2488199568784357,52255260.7109255,2023-06-23 17:11:09
ID,160000000,Ethereum,0xf977814e90da44bfa03b6295a0616a897441acec,0.3234469254652746,51751508.07444394,2023-06-23 17:11:09
USDT,49085481.62,Ethereum,0xdfd5293d8e347dfe59e90efd55b2956a1343963d,1.0004007006053255,49105150.20219783,2023-06-23 17:11:28
CAKE,33815693.72,BNB Smart Chain (BEP20),0xf977814e90da44bfa03b6295a0616a897441acec,1.450214393482511,49040005.75834015,2023-06-23 17:15:38
BUSD,48260894.6,Ethereum,0xdfd5293d8e347dfe59e90efd55b2956a1343963d,1.0001641908688188,48268818.59821435,2023-06-23 17:11:28
USDT,47691546.6,Ethereum,0x21a31ee1afc51d94c2efccaa2092ad1028285549,1.0004007006053255,47710656.63159153,2023-06-23 17:11:19
WBTC,1550.62,Ethereum,0x28c6c06298d514db089934071355e5743bf21d60,30612.044057796313,47467647.75690012,2023-06-23 17:11:38
LTC,513259.29,Litecoin,MB8nnFMvR5cgvpzQ1QXTDVfUM91BcsLH3k,91.2417333509287,46830667.278066985,2023-06-23 17:19:29
USDT,45682169.82,Ethereum,0x9696f59e4d72e237be84ffd425dcad154bf96976,1.0004007006053255,45700474.693099454,2023-06-23 17:11:57
BUSD,45246082.66,Ethereum,0x21a31ee1afc51d94c2efccaa2092ad1028285549,1.0001641908688188,45253511.65362259,2023-06-23 17:11:19
LDO,23000000,Ethereum,0x5a52e96bacdabb82fd05763e25335261b270efcb,1.9051669240308797,43818839.25271023,2023-06-23 17:12:03
FTM,125500000,Ethereum,0x5a52e96bacdabb82fd05763e25335261b270efcb,0.31875698105129213,40004001.12193716,2023-06-23 17:12:03
DOGE,584099805.71,Dogechain,DJfU2p6woQ9GiBdiXsWZWJnJ9uDdZfSSNC,0.06780713373436746,39606133.63999602,2023-06-23 17:12:36
MANA,99753184.41,Ethereum,0xf977814e90da44bfa03b6295a0616a897441acec,0.3925915335274815,39162255.641771555,2023-06-23 17:11:09
MAGIC,47803059,Arbitrum,0xf977814e90da44bfa03b6295a0616a897441acec,0.8171013760495628,39059945.28827844,2023-06-23 17:26:54
BTT,78000000000000,Tron20,TWd4WrZ9wn84f5x1hZhL4DHvk738ns5jwb,4.832647862017942e-07,37694653.323739946,2023-06-23 17:25:56
BNB,151000.08,BNB Beacon Chain (BEP2),bnb1lsmt5a8vqqus5fwslx8pyyemgjtg4y6ugj308t,246.33227926255861,37196193.87522869,2023-06-23 17:18:21
ENJ,125000000,Ethereum,0xf977814e90da44bfa03b6295a0616a897441acec,0.29465728292640375,36832160.36580047,2023-06-23 17:11:09
HOT,24872145137.82,Ethereum,0xf977814e90da44bfa03b6295a0616a897441acec,0.0014258007654968231,35462723.57705184,2023-06-23 17:11:09
MASK,9273908.83,Ethereum,0xf977814e90da44bfa03b6295a0616a897441acec,3.8201549247343123,35427768.488461524,2023-06-23 17:11:09
MANA,90000000,Ethereum,0xbe0eb53f46cd790cd13851d5eff43d12404d33e8,0.3925915335274815,35333238.01747333,2023-06-23 17:11:47
TKO,137000000,BNB Smart Chain (BEP20),0xf977814e90da44bfa03b6295a0616a897441acec,0.2576203109253684,35293982.59677547,2023-06-23 17:15:38
AAVE,600000,Ethereum,0xbe0eb53f46cd790cd13851d5eff43d12404d33e8,57.859670330844345,34715802.19850661,2023-06-23 17:11:47
CRV,50000000,Ethereum,0xf977814e90da44bfa03b6295a0616a897441acec,0.6835440987426091,34177204.93713046,2023-06-23 17:11:09
USDT,33865920.37,Ethereum,0x56eddb7aa87536c09ccc2793473599fd21a8b17f,1.0004007006053255,33879490.46479216,2023-06-23 17:12:08
TWT,36033766,BNB Beacon Chain (BEP2),bnb1lsmt5a8vqqus5fwslx8pyyemgjtg4y6ugj308t,0.9384467012693389,33815768.83701126,2023-06-23 17:18:21
GAL,23283391.07,Ethereum,0xf977814e90da44bfa03b6295a0616a897441acec,1.3811640472465125,32158182.64386451,2023-06-23 17:11:09
ETH,16812.57,BNB Beacon Chain (BEP2),bnb1u2agwjat20494fmc6jnuau0ls937cfjn4pjwtn,1886.1064541658307,31710296.78811482,2023-06-23 17:18:20
ADA,106511734.53,BNB Beacon Chain (BEP2),bnb1u2agwjat20494fmc6jnuau0ls937cfjn4pjwtn,0.29528771514165897,31451606.725138642,2023-06-23 17:18:20
LTC,335523.61,BNB Smart Chain (BEP20),0xf977814e90da44bfa03b6295a0616a897441acec,91.2417333509287,30613755.756560992,2023-06-23 17:15:38
LINK,5000000,Ethereum,0xbe0eb53f46cd790cd13851d5eff43d12404d33e8,6.051941676694777,30259708.383473884,2023-06-23 17:11:47
IMX,40000000,Ethereum,0xf977814e90da44bfa03b6295a0616a897441acec,0.7520181194516272,30080724.77806509,2023-06-23 17:11:09
USDC,30000000,Polygon,0xf977814e90da44bfa03b6295a0616a897441acec,0.999962720808448,29998881.624253437,2023-06-23 17:21:23
AAVE,509495.19,Ethereum,0xf977814e90da44bfa03b6295a0616a897441acec,57.859670330844345,29479223.728550903,2023-06-23 17:11:09
UNI,6000000,Ethereum,0xbe0eb53f46cd790cd13851d5eff43d12404d33e8,4.821953227642379,28931719.365854274,2023-06-23 17:11:47
CHR,214000000,Ethereum,0xf977814e90da44bfa03b6295a0616a897441acec,0.13433806460843745,28748345.826205615,2023-06-23 17:11:09
TOMO,21369826.14,Ethereum,0xf977814e90da44bfa03b6295a0616a897441acec,1.344945619725432,28741254.061287034,2023-06-23 17:11:09
HOT,20000000000,Ethereum,0xbe0eb53f46cd790cd13851d5eff43d12404d33e8,0.0014258007654968231,28516015.309936464,2023-06-23 17:11:47
TUSD,28193713.05,Tron20,TNXoiAJ3dct8Fjg4M9fkLFh9S2v9TXc32G,0.9993511155882908,28175418.589093655,2023-06-23 17:25:50
ETH,14934.9,Ethereum,0x9696f59e4d72e237be84ffd425dcad154bf96976,1886.1064541658307,28168811.282321263,2023-06-23 17:11:57
ETH,14851.27,Ethereum,0x4976a4a02f38326660d17bf34b431dc6e2eb2327,1886.1064541658307,28011076.199559376,2023-06-23 17:11:52
1INCH,84312356.82,Ethereum,0xf977814e90da44bfa03b6295a0616a897441acec,0.32500199366110394,27401684.056766372,2023-06-23 17:11:09
ETH,13687.97,Ethereum,0x56eddb7aa87536c09ccc2793473599fd21a8b17f,1886.1064541658307,25816968.561428264,2023-06-23 17:12:08
RDNT,92281217.08,Arbitrum,0xb38e8c17e38363af6ebdcb3dae12e0243582891d,0.2784697340977004,25697525.98247977,2023-06-23 17:26:51
HFT,65519982.1,Ethereum,0xf977814e90da44bfa03b6295a0616a897441acec,0.39189632353044007,25677040.102770243,2023-06-23 17:11:09
MATIC,37375377.4,Polygon,0xf977814e90da44bfa03b6295a0616a897441acec,0.6767430239268217,25293525.92208219,2023-06-23 17:21:23
ENS,2800000,Ethereum,0x5a52e96bacdabb82fd05763e25335261b270efcb,8.677732162974504,24297650.05632861,2023-06-23 17:12:03
DOGE,358324741,Dogechain,DPAMdZsSirVBGeDR9sE1LJXkwG6AQSNAMW,0.06780713373436746,24296973.633319583,2023-06-23 17:12:36
FET,100000000.01,Ethereum,0xbe0eb53f46cd790cd13851d5eff43d12404d33e8,0.24006881735350846,24006881.737751536,2023-06-23 17:11:47
MANA,61000000,Ethereum,0x5a52e96bacdabb82fd05763e25335261b270efcb,0.3925915335274815,23948083.545176372,2023-06-23 17:12:03
ACH,1070068851.12,Ethereum,0xf977814e90da44bfa03b6295a0616a897441acec,0.02229483633525305,23857009.90317266,2023-06-23 17:11:09
INJ,3333333,Ethereum,0x21a31ee1afc51d94c2efccaa2092ad1028285549,6.974863286069566,23249541.961944126,2023-06-23 17:11:19
WOO,110000000,Ethereum,0xf977814e90da44bfa03b6295a0616a897441acec,0.20980762440028441,23078838.684031285,2023-06-23 17:11:09
USDC,22911316.02,Polygon,0xe7804c37c13166ff0b37f5ae0bb07a3aebb6e245,0.999962720808448,22910461.90466138,2023-06-23 17:21:29
USDT,22727375.7,Optimism,0xacd03d601e5bb1b275bb94076ff46ed9d753435a,1.0004007006053255,22736482.57320045,2023-06-23 17:22:18
ETH,11771.03,Ethereum,0xdfd5293d8e347dfe59e90efd55b2956a1343963d,1886.1064541658307,22201415.65517962,2023-06-23 17:11:28
APE,9726926.95,Ethereum,0xf977814e90da44bfa03b6295a0616a897441acec,2.2727024449746573,22106410.661354885,2023-06-23 17:11:09
LIT,31365540.15,Ethereum,0xf977814e90da44bfa03b6295a0616a897441acec,0.7038051034202818,22075227.22910375,2023-06-23 17:11:09
INJ,3144122.9,Ethereum,0x28c6c06298d514db089934071355e5743bf21d60,6.974863286069566,21929827.382100575,2023-06-23 17:11:38
YFI,3400,Ethereum,0xf977814e90da44bfa03b6295a0616a897441acec,6444.745262257983,21912133.89167714,2023-06-23 17:11:09
LRC,91399026.69,Ethereum,0xf977814e90da44bfa03b6295a0616a897441acec,0.23667639928132314,21631992.53480675,2023-06-23 17:11:09
UNI,4330000,Ethereum,0x5a52e96bacdabb82fd05763e25335261b270efcb,4.821953227642379,20879057.4756915,2023-06-23 17:12:03
ETH,11061.84,Ethereum,0x21a31ee1afc51d94c2efccaa2092ad1028285549,1886.1064541658307,20863807.81894975,2023-06-23 17:11:19
LINA,1440000000,Ethereum,0xf977814e90da44bfa03b6295a0616a897441acec,0.014294969977840345,20584756.768090095,2023-06-23 17:11:09
DOGE,303275111,Dogechain,DAYthKnkrWUHRENvtBwjemi6kFzk4K9SMr,0.06780713373436746,20564216.009882137,2023-06-23 17:12:36
BAKE,181834944.57,BNB Smart Chain (BEP20),0xf977814e90da44bfa03b6295a0616a897441acec,0.11193714990013054,20354085.44741402,2023-06-23 17:15:38
SAND,45854713.95,Polygon,0xf977814e90da44bfa03b6295a0616a897441acec,0.4418509684342,20260949.766080722,2023-06-23 17:21:23
SUSHI,29000000,Ethereum,0xf977814e90da44bfa03b6295a0616a897441acec,0.6839588451046883,19834806.50803596,2023-06-23 17:11:09
PEOPLE,1430000000,Ethereum,0xf977814e90da44bfa03b6295a0616a897441acec,0.013694376442059248,19582958.312144723,2023-06-23 17:11:09
DOGE,286296208.64,Dogechain,DRweGdMgohChLBn2TamjCNicKYEncRgj5a,0.06780713373436746,19412925.306894846,2023-06-23 17:12:36
C98,123874465.36,Ethereum,0xf977814e90da44bfa03b6295a0616a897441acec,0.15499853118666354,19200360.18233323,2023-06-23 17:11:09
GMX,354173,Avalanche C-Chain,0x4aefa39caeadd662ae31ab0ce7c8c2c9c0a013e8,53.83291512465426,19066165.04844417,2023-06-23 17:21:44
ATA,188854109.33,Ethereum,0xf977814e90da44bfa03b6295a0616a897441acec,0.09922994774394318,18739983.400044832,2023-06-23 17:11:09
SNX,9466355,Optimism,0xF977814e90dA44bFA03b6295A0616a897441aceC,1.9502189558642082,18461464.963939928,2023-06-23 17:22:19
ETH,9784.64,BNB Smart Chain (BEP20),0xe2fc31f816a9b94326492132018c3aecc4a93ae1,1886.1064541658307,18454872.655689154,2023-06-23 17:15:20
LTC,200940,Litecoin,MLkNzCps6cXou2DELVfxDuRC4uZGwr397o,91.2417333509287,18334113.89953561,2023-06-23 17:19:35
AGIX,70000000,Ethereum,0xbe0eb53f46cd790cd13851d5eff43d12404d33e8,0.2488199568784357,17417396.9814905,2023-06-23 17:11:47
ENS,2000000,Ethereum,0xf977814e90da44bfa03b6295a0616a897441acec,8.677732162974504,17355464.32594901,2023-06-23 17:11:09
PYR,5352537.69,Ethereum,0xf977814e90da44bfa03b6295a0616a897441acec,3.1551144159638844,16887868.82770903,2023-06-23 17:11:09
ILV,350000,Ethereum,0xf977814e90da44bfa03b6295a0616a897441acec,47.805029355978256,16731760.27459239,2023-06-23 17:11:09
ALICE,15949511.7,Ethereum,0xf977814e90da44bfa03b6295a0616a897441acec,1.0357840902533606,16520250.46616983,2023-06-23 17:11:09
MKR,22981.68,Ethereum,0xf977814e90da44bfa03b6295a0616a897441acec,708.8049331930781,16289528.1570647,2023-06-23 17:11:09
WBETH,8443.67,Ethereum,0x28c6c06298d514db089934071355e5743bf21d60,1896.0417177574939,16009550.570977418,2023-06-23 17:11:38
AGLD,30753948.84,Ethereum,0xf977814e90da44bfa03b6295a0616a897441acec,0.4977245664128711,15306995.851872621,2023-06-23 17:11:09
CELR,900000000,Ethereum,0xbe0eb53f46cd790cd13851d5eff43d12404d33e8,0.016951326421983926,15256193.779785534,2023-06-23 17:11:47
KEY,2323873137.37,Ethereum,0xf977814e90da44bfa03b6295a0616a897441acec,0.0064859306780961894,15072480.073671723,2023-06-23 17:11:09
SSV,824980.71,Ethereum,0x5a52e96bacdabb82fd05763e25335261b270efcb,18.25512941694205,15060129.627530739,2023-06-23 17:12:03
IMX,20000000,Ethereum,0x5a52e96bacdabb82fd05763e25335261b270efcb,0.7520181194516272,15040362.389032545,2023-06-23 17:12:03
WIN,215000000000,Tron20,TWd4WrZ9wn84f5x1hZhL4DHvk738ns5jwb,6.967880618835469e-05,14980943.330496257,2023-06-23 17:25:56
OMG,23786826.94,Ethereum,0xf977814e90da44bfa03b6295a0616a897441acec,0.6262994280070894,14897676.106625624,2023-06-23 17:11:09
VGX,120000000,Ethereum,0xf977814e90da44bfa03b6295a0616a897441acec,0.12317743352637861,14781292.023165433,2023-06-23 17:11:09
APE,6495124.98,Ethereum,0x5a52e96bacdabb82fd05763e25335261b270efcb,2.2727024449746573,14761486.422461974,2023-06-23 17:12:03
ENJ,50000000,Ethereum,0xbe0eb53f46cd790cd13851d5eff43d12404d33e8,0.29465728292640375,14732864.146320188,2023-06-23 17:11:47
BTC,467.51,Bitcoin,3AeUiDpPPUrUBS377584sFCpx8KLfpX9Ry,30613.77302823114,14312245.028428338,2023-06-23 17:19:17
TUSD,14303234.03,Tron20,TJCo98saj6WND61g1uuKwJ9GMWMT9WkJFo,0.9993511155882908,14293952.884400904,2023-06-23 17:25:43
PYR,4500000,Polygon,0xf977814e90da44bfa03b6295a0616a897441acec,3.1551144159638844,14198014.87183748,2023-06-23 17:21:23
RLC,10165857.34,Ethereum,0xf977814e90da44bfa03b6295a0616a897441acec,1.3935202445895336,14166328.006899105,2023-06-23 17:11:09
COMP,460000,Ethereum,0xf977814e90da44bfa03b6295a0616a897441acec,30.65723787251825,14102329.421358395,2023-06-23 17:11:09
COTI,270000000,Ethereum,0xbe0eb53f46cd790cd13851d5eff43d12404d33e8,0.051850478278702164,13999629.135249585,2023-06-23 17:11:47
LAZIO,6976683.44,BNB Smart Chain (BEP20),0xf977814e90da44bfa03b6295a0616a897441acec,2.005089151055765,13988872.275894416,2023-06-23 17:15:38
DOGE,205763823,Dogechain,DCxFJEWsYJFnC3HP7YfZdsd3X43ttQA79Z,0.06780713373436746,13952255.063855715,2023-06-23 17:12:36
DEGO,8988358.64,Ethereum,0xf977814e90da44bfa03b6295a0616a897441acec,1.5163984857956363,13629933.431484126,2023-06-23 17:11:09
THETA,18000000,Ethereum,0xf977814e90da44bfa03b6295a0616a897441acec,0.7570620059297802,13627116.106736043,2023-06-23 17:11:09
CREAM,360017.47,Ethereum,0xf977814e90da44bfa03b6295a0616a897441acec,37.627782920313734,13546659.20868056,2023-06-23 17:11:09
TRX,183228901.26,BNB Smart Chain (BEP20),0xf977814e90da44bfa03b6295a0616a897441acec,0.07233586629359397,13254021.30266549,2023-06-23 17:15:38
XRP,26887236.65,BNB Beacon Chain (BEP2),bnb1u2agwjat20494fmc6jnuau0ls937cfjn4pjwtn,0.4917989786113733,13223115.52215228,2023-06-23 17:18:20
DAI,13159238.95,Polygon,0xe7804c37c13166ff0b37f5ae0bb07a3aebb6e245,0.9997803599049782,13156348.653506607,2023-06-23 17:21:29
LOKA,51210084.15,Ethereum,0xf977814e90da44bfa03b6295a0616a897441acec,0.255065427212633,13061921.991314635,2023-06-23 17:11:09
STG,21347486.13,Ethereum,0xf977814e90da44bfa03b6295a0616a897441acec,0.6018150331070431,12847238.072078092,2023-06-23 17:11:09
TRU,300475411.04,Ethereum,0xf977814e90da44bfa03b6295a0616a897441acec,0.042532192304186985,12779877.965032909,2023-06-23 17:11:09
RSR,5300000000,Ethereum,0xf977814e90da44bfa03b6295a0616a897441acec,0.0023861699781664316,12646700.884282088,2023-06-23 17:11:09
INJ,1786142,BNB Beacon Chain (BEP2),bnb1u2agwjat20494fmc6jnuau0ls937cfjn4pjwtn,6.974863286069566,12458096.259506868,2023-06-23 17:18:20
COMBO,12512678.13,Ethereum,0x28c6c06298d514db089934071355e5743bf21d60,0.9800743122028075,12263354.412074862,2023-06-23 17:11:38
AGIX,49000000,Ethereum,0x5a52e96bacdabb82fd05763e25335261b270efcb,0.2488199568784357,12192177.88704335,2023-06-23 17:12:03
AKRO,2025903451.26,Ethereum,0xf977814e90da44bfa03b6295a0616a897441acec,0.005995746174919964,12146802.868649298,2023-06-23 17:11:09
ERN,7716434.02,Ethereum,0xf977814e90da44bfa03b6295a0616a897441acec,1.5652103234079646,12077842.18800042,2023-06-23 17:11:09
DOGE,176644459.47,Dogechain,DD1h9ojoyAdAGLXaqgqZP3j86AtxZs6jCn,0.06780713373436746,11977754.486717343,2023-06-23 17:12:37
OCEAN,33577514,Ethereum,0xbe0eb53f46cd790cd13851d5eff43d12404d33e8,0.3565707143077174,11972758.151657382,2023-06-23 17:11:47
VOXEL,83450104.48,Polygon,0xf977814e90da44bfa03b6295a0616a897441acec,0.14056677142878465,11730311.762148358,2023-06-23 17:21:23
DOGE,172192859,Dogechain,D7JLeAgZK2TyFRFtjKwHMxhFjWvJ9gS5kj,0.06780713373436746,11675904.21831608,2023-06-23 17:12:36
TRX,160861270.58,Tron20,TV6MuMXfmLbBqPZvBHdwFsDnQeVfnmiuSi,0.07233586629359397,11636039.360492522,2023-06-23 17:25:35
LINK,1919595.26,Ethereum,0x28c6c06298d514db089934071355e5743bf21d60,6.051941676694777,11617278.556379747,2023-06-23 17:11:38
TBC,3500,BNB Beacon Chain (BEP2),bnb1fnd0k5l4p3ck2j9x9dp36chk059w977pszdgdz,3276.082094728242,11466287.331548847,2023-06-23 17:18:19
WRX,129182128.26,BNB Beacon Chain (BEP2),bnb1u2agwjat20494fmc6jnuau0ls937cfjn4pjwtn,0.0886972082851193,11458094.136992216,2023-06-23 17:18:20
ARPA,218125940.42,Ethereum,0xbe0eb53f46cd790cd13851d5eff43d12404d33e8,0.05144931964703571,11222431.231978847,2023-06-23 17:11:47
MULTI,3196849.55,BNB Smart Chain (BEP20),0xf977814e90da44bfa03b6295a0616a897441acec,3.5002077723823124,11189637.642046897,2023-06-23 17:15:38
USDP,11194358.32,Ethereum,0x21a31ee1afc51d94c2efccaa2092ad1028285549,0.9994814349406773,11188553.31691371,2023-06-23 17:11:19
PAXG,5832.83,Ethereum,0xbe0eb53f46cd790cd13851d5eff43d12404d33e8,1904.7525965942139,11110098.087992629,2023-06-23 17:11:47
DENT,14000000000,Ethereum,0xbe0eb53f46cd790cd13851d5eff43d12404d33e8,0.0007925900845616661,11096261.183863325,2023-06-23 17:11:47
ARPA,215390304.6,Ethereum,0xf977814e90da44bfa03b6295a0616a897441acec,0.05144931964703571,11081684.630237786,2023-06-23 17:11:09
WIN,158034239437.38,Tron20,TJCo98saj6WND61g1uuKwJ9GMWMT9WkJFo,6.967880618835469e-05,11011637.14088124,2023-06-23 17:25:43
STPT,275602669.09,Ethereum,0xf977814e90da44bfa03b6295a0616a897441acec,0.03992575901108054,11003645.748897914,2023-06-23 17:11:09
TUSD,10978022.13,BNB Smart Chain (BEP20),0x8894e0a0c962cb723c1976a4421c95949be2d4e3,0.9993511155882908,10970898.662568446,2023-06-23 17:15:51
OP,8095301.29,Optimism,0xacd03d601e5bb1b275bb94076ff46ed9d753435a,1.3437617346654271,10878156.10408967,2023-06-23 17:22:18
WBTC,354.45,Ethereum,0xdfd5293d8e347dfe59e90efd55b2956a1343963d,30612.044057796313,10850439.016285902,2023-06-23 17:11:28
OGN,129770000,Ethereum,0xf977814e90da44bfa03b6295a0616a897441acec,0.08275661308971256,10739325.680652,2023-06-23 17:11:09
LRC,45260186.66,Ethereum,0xbe0eb53f46cd790cd13851d5eff43d12404d33e8,0.23667639928132314,10712018.009489374,2023-06-23 17:11:47
DODO,104806273.55,Ethereum,0xf977814e90da44bfa03b6295a0616a897441acec,0.10195074958282056,10685078.14940464,2023-06-23 17:11:09
FLUX,22301176.96,BNB Smart Chain (BEP20),0xf977814e90da44bfa03b6295a0616a897441acec,0.47766099751701546,10652402.432517083,2023-06-23 17:15:38
YGG,66986416.43,Ethereum,0xf977814e90da44bfa03b6295a0616a897441acec,0.15891669618103527,10645259.988062618,2023-06-23 17:11:09
JOE,26123744.68,Avalanche C-Chain,0x4aefa39caeadd662ae31ab0ce7c8c2c9c0a013e8,0.4031251329568564,10531138.04745597,2023-06-23 17:21:44
GHST,10596339.25,Ethereum,0xf977814e90da44bfa03b6295a0616a897441acec,0.9925183454723906,10517061.100474153,2023-06-23 17:11:09
COTI,200000000,Ethereum,0xf977814e90da44bfa03b6295a0616a897441acec,0.051850478278702164,10370095.655740432,2023-06-23 17:11:09
DOGE,151605154.01,Dogechain,DGiYKUGbzRtppwdoinym7ZJXWuBqBuHxUk,0.06780713373436746,10279910.952775445,2023-06-23 17:12:36
ANKR,428175843.93,Ethereum,0xf977814e90da44bfa03b6295a0616a897441acec,0.024002519187167365,10277298.909411404,2023-06-23 17:11:09
BNB,41609.41,BNB Beacon Chain (BEP2),bnb1fnd0k5l4p3ck2j9x9dp36chk059w977pszdgdz,246.33227926255861,10249740.8040703,2023-06-23 17:18:19
YFII,13224.93,Ethereum,0xf977814e90da44bfa03b6295a0616a897441acec,766.1058751275007,10131696.571149938,2023-06-23 17:11:09
ALPINE,5021638.63,BNB Smart Chain (BEP20),0xf977814e90da44bfa03b6295a0616a897441acec,2.001350723972797,10050060.107680263,2023-06-23 17:15:38
DAI,10000000,Polygon,0xf977814e90da44bfa03b6295a0616a897441acec,0.9997803599049782,9997803.599049782,2023-06-23 17:21:23
NKN,102088070.34,Ethereum,0xf977814e90da44bfa03b6295a0616a897441acec,0.09762963169688467,9966820.707939856,2023-06-23 17:11:09
STORJ,36400000,Ethereum,0xf977814e90da44bfa03b6295a0616a897441acec,0.27199448270828497,9900599.170581574,2023-06-23 17:11:09
PERP,19600000,Ethereum,0xf977814e90da44bfa03b6295a0616a897441acec,0.5049722049961556,9897455.217924649,2023-06-23 17:11:09
BAT,50000000,Ethereum,0xbe0eb53f46cd790cd13851d5eff43d12404d33e8,0.19724996755064525,9862498.377532262,2023-06-23 17:11:47
COS,1772689073.16,BNB Beacon Chain (BEP2),bnb1u2agwjat20494fmc6jnuau0ls937cfjn4pjwtn,0.005481655439818048,9717270.700993527,2023-06-23 17:18:20
BUSD,9671994.4,BNB Beacon Chain (BEP2),bnb1u2agwjat20494fmc6jnuau0ls937cfjn4pjwtn,1.0001641908688188,9673582.453163747,2023-06-23 17:18:20
WBTC,315.34,Ethereum,0x21a31ee1afc51d94c2efccaa2092ad1028285549,30612.044057796313,9653201.973185489,2023-06-23 17:11:19
BUSD,9525939.38,Avalanche C-Chain,0x4aefa39caeadd662ae31ab0ce7c8c2c9c0a013e8,1.0001641908688188,9527503.452263119,2023-06-23 17:21:44
LQTY,9821505.05,Ethereum,0xf977814e90da44bfa03b6295a0616a897441acec,0.9659076402158756,9486666.766213806,2023-06-23 17:11:09
CHR,70000000,Ethereum,0xbe0eb53f46cd790cd13851d5eff43d12404d33e8,0.13433806460843745,9403664.52259062,2023-06-23 17:11:47
SRM,77000000,Ethereum,0xf977814e90da44bfa03b6295a0616a897441acec,0.12202279998929813,9395755.599175956,2023-06-23 17:11:09
AXS,1540599.34,Ethereum,0xf977814e90da44bfa03b6295a0616a897441acec,6.075813314303603,9360393.981979344,2023-06-23 17:11:09
TUSD,9306132.57,Ethereum,0x21a31ee1afc51d94c2efccaa2092ad1028285549,0.9993511155882908,9300093.965642028,2023-06-23 17:11:19
FXS,1600000,Ethereum,0xf977814e90da44bfa03b6295a0616a897441acec,5.7519029694929005,9203044.751188641,2023-06-23 17:11:09
PHA,84605703.53,Ethereum,0xf977814e90da44bfa03b6295a0616a897441acec,0.10874717356597685,9200631.12644849,2023-06-23 17:11:09
BEL,13672234.78,Ethereum,0xf977814e90da44bfa03b6295a0616a897441acec,0.6725796512884608,9195666.900666365,2023-06-23 17:11:09
AUDIO,47788319.27,Ethereum,0xf977814e90da44bfa03b6295a0616a897441acec,0.19176702946221713,9164224.02939993,2023-06-23 17:11:09
UNFI,2523629.1,Ethereum,0xf977814e90da44bfa03b6295a0616a897441acec,3.6089703943251963,9107702.708157541,2023-06-23 17:11:09
QI,1432531630.89,Avalanche C-Chain,0x4aefa39caeadd662ae31ab0ce7c8c2c9c0a013e8,0.006326723619591858,9063231.70496421,2023-06-23 17:21:44
ALICE,8730000,Ethereum,0x5a52e96bacdabb82fd05763e25335261b270efcb,1.0357840902533606,9042395.107911838,2023-06-23 17:12:03
PROM,2029369,Ethereum,0xf977814e90da44bfa03b6295a0616a897441acec,4.309868336038257,8746313.19523762,2023-06-23 17:11:09
KEY,1347985905,Ethereum,0xbe0eb53f46cd790cd13851d5eff43d12404d33e8,0.0064859306780961894,8742943.134880755,2023-06-23 17:11:47
VIDT,366510268.55,Ethereum,0xf977814e90da44bfa03b6295a0616a897441acec,0.023748616545756576,8704111.827876216,2023-06-23 17:11:09
TLM,719588547.3,Ethereum,0xf977814e90da44bfa03b6295a0616a897441acec,0.012075929601536976,8689700.639267059,2023-06-23 17:11:09
LDO,4519156.03,Ethereum,0x28c6c06298d514db089934071355e5743bf21d60,1.9051669240308797,8609746.592890702,2023-06-23 17:11:38
MTL,6000000,Ethereum,0xf977814e90da44bfa03b6295a0616a897441acec,1.4241302119667643,8544781.271800585,2023-06-23 17:11:09
APE,3757337.45,Ethereum,0x28c6c06298d514db089934071355e5743bf21d60,2.2727024449746573,8539310.009209845,2023-06-23 17:11:38
UTK,109300000,Ethereum,0xf977814e90da44bfa03b6295a0616a897441acec,0.07799283846832496,8524617.244587917,2023-06-23 17:11:09
USDC,8485120.44,Arbitrum,0xb38e8c17e38363af6ebdcb3dae12e0243582891d,0.999962720808448,8484804.121569775,2023-06-23 17:26:51
SUSHI,12401601.98,Ethereum,0x28c6c06298d514db089934071355e5743bf21d60,0.6839588451046883,8482185.367688816,2023-06-23 17:11:38
WRX,95615027.8,BNB Beacon Chain (BEP2),bnb142q467df6jun6rt5u2ar58sp47hm5f9wvz2cvg,0.0886972082851193,8480786.035964072,2023-06-23 17:18:22
SUPER,72548371.13,Ethereum,0xf977814e90da44bfa03b6295a0616a897441acec,0.11688262419597309,8479643.998817774,2023-06-23 17:11:09
ANT,2000000,Ethereum,0xf977814e90da44bfa03b6295a0616a897441acec,4.231323096638507,8462646.193277013,2023-06-23 17:11:09
RLC,6000000,Ethereum,0xbe0eb53f46cd790cd13851d5eff43d12404d33e8,1.3935202445895336,8361121.467537202,2023-06-23 17:11:47
AVA,17802472.78,BNB Beacon Chain (BEP2),bnb1u2agwjat20494fmc6jnuau0ls937cfjn4pjwtn,0.460612195272489,8200036.06847453,2023-06-23 17:18:20
PERL,439000000,Ethereum,0xf977814e90da44bfa03b6295a0616a897441acec,0.01862534871449174,8176528.085661874,2023-06-23 17:11:09
CELR,481995802.51,Ethereum,0xf977814e90da44bfa03b6295a0616a897441acec,0.016951326421983926,8170468.182373109,2023-06-23 17:11:09
PUNDIX,22000000,Ethereum,0xf977814e90da44bfa03b6295a0616a897441acec,0.37049352410182773,8150857.53024021,2023-06-23 17:11:09
FTM,25460569,BNB Beacon Chain (BEP2),bnb142q467df6jun6rt5u2ar58sp47hm5f9wvz2cvg,0.31875698105129213,8115734.110288116,2023-06-23 17:18:22
LPT,1857758.35,Ethereum,0xf977814e90da44bfa03b6295a0616a897441acec,4.310516856614778,8007898.683191857,2023-06-23 17:11:09
DATA,327105568.36,Ethereum,0xf977814e90da44bfa03b6295a0616a897441acec,0.02440231551225488,7982133.284936178,2023-06-23 17:11:09
LTC,87208.48,Litecoin,MBjKmoDwkuUbtnVd4vjymxjJx7Crca2s1z,91.2417333509287,7957052.878099798,2023-06-23 17:19:30
ELF,27600000,Ethereum,0x5a52e96bacdabb82fd05763e25335261b270efcb,0.2861742561174098,7898409.468840511,2023-06-23 17:12:03
OOKI,3030544951.88,Ethereum,0xf977814e90da44bfa03b6295a0616a897441acec,0.002602624023358227,7887369.0956298895,2023-06-23 17:11:09
FIS,25744279.63,Ethereum,0xf977814e90da44bfa03b6295a0616a897441acec,0.3060567828753335,7879211.401000781,2023-06-23 17:11:09
MATIC,11581575.33,Polygon,0xe7804c37c13166ff0b37f5ae0bb07a3aebb6e245,0.6767430239268217,7837750.310660479,2023-06-23 17:21:29
TUSD,7832974.54,Ethereum,0xdfd5293d8e347dfe59e90efd55b2956a1343963d,0.9993511155882908,7827891.844923679,2023-06-23 17:11:28
LDO,4000000,Ethereum,0xf977814e90da44bfa03b6295a0616a897441acec,1.9051669240308797,7620667.696123519,2023-06-23 17:11:09
DF,193125987.47,Ethereum,0xf977814e90da44bfa03b6295a0616a897441acec,0.039142976183330215,7559525.92792034,2023-06-23 17:11:09
IDEX,124256547.97,Ethereum,0xf977814e90da44bfa03b6295a0616a897441acec,0.060798723503725983,7554639.503555494,2023-06-23 17:11:09
USDT,7475669.25,BNB Beacon Chain (BEP2),bnb1u2agwjat20494fmc6jnuau0ls937cfjn4pjwtn,1.0004007006053255,7478664.755193688,2023-06-23 17:18:20
ACH,334989493.01,Ethereum,0x5a52e96bacdabb82fd05763e25335261b270efcb,0.02229483633525305,7468535.920687345,2023-06-23 17:12:03
UND,187826139,BNB Beacon Chain (BEP2),bnb1u2agwjat20494fmc6jnuau0ls937cfjn4pjwtn,0.039580058861608834,7434169.637368723,2023-06-23 17:18:20
GNS,1809597.83,Polygon,0xf977814e90da44bfa03b6295a0616a897441acec,4.093782510509457,7408099.947509866,2023-06-23 17:21:23
AVAX,556021.97,Avalanche C-Chain,0x9f8c163cba728e99993abe7495f06c0a3c8ac8b9,13.199424990342829,7339170.285997651,2023-06-23 17:21:43
ELF,24880000,Ethereum,0xf977814e90da44bfa03b6295a0616a897441acec,0.2861742561174098,7120015.492201156,2023-06-23 17:11:09
POND,890000000,Ethereum,0xf977814e90da44bfa03b6295a0616a897441acec,0.007911501082195802,7041235.963154264,2023-06-23 17:11:09
ALPACA,44992701.71,BNB Smart Chain (BEP20),0xf977814e90da44bfa03b6295a0616a897441acec,0.1552022585576739,6982968.924003717,2023-06-23 17:15:38
DOGE,101528133,Dogechain,D7dm1b8DEqaCxcgaPuBXz9FqjAQ7UTK6sz,0.06780713373436746,6884331.692131646,2023-06-23 17:12:36
QUICK,139563.94,Polygon,0xf977814e90da44bfa03b6295a0616a897441acec,48.96895315651829,6834300.040199129,2023-06-23 17:21:23
MASK,1779442.77,Ethereum,0x28c6c06298d514db089934071355e5743bf21d60,3.8201549247343123,6797747.061098366,2023-06-23 17:11:38
SPELL,13764767874.4,Ethereum,0xf977814e90da44bfa03b6295a0616a897441acec,0.0004912137376185202,6761443.075035357,2023-06-23 17:11:09
ELF,23620687,Ethereum,0xbe0eb53f46cd790cd13851d5eff43d12404d33e8,0.2861742561174098,6759632.531207172,2023-06-23 17:11:47
DOGE,98944064.98,Dogechain,DGYUcgNQAAMzXynRHJJVAKkgXWhSddJNi2,0.06780713373436746,6709113.446320805,2023-06-23 17:12:36
FORTH,2590000,Ethereum,0xf977814e90da44bfa03b6295a0616a897441acec,2.583814391242157,6692079.273317187,2023-06-23 17:11:09
ALPINE,3341794.03,BNB Smart Chain (BEP20),0x5a52e96bacdabb82fd05763e25335261b270efcb,2.001350723972797,6688101.9013084695,2023-06-23 17:15:29
DAR,61040046.63,Ethereum,0xf977814e90da44bfa03b6295a0616a897441acec,0.10872579708704781,6636627.724077317,2023-06-23 17:11:09
DOGE,97166075.99,Dogechain,DEvUEF9VrXbKf5rdaQCUzeh4MvZxd3Zx5T,0.06780713373436746,6588553.109097641,2023-06-23 17:12:37
ANT,1556272.01,Ethereum,0x28c6c06298d514db089934071355e5743bf21d60,4.231323096638507,6585089.700565033,2023-06-23 17:11:38
DYDX,3500000,Ethereum,0x5a52e96bacdabb82fd05763e25335261b270efcb,1.8760371104011295,6566129.886403954,2023-06-23 17:12:03
ETH,3477,BNB Beacon Chain (BEP2),bnb1lsmt5a8vqqus5fwslx8pyyemgjtg4y6ugj308t,1886.1064541658307,6557992.141134594,2023-06-23 17:18:21
CRV,9569487.42,Ethereum,0x28c6c06298d514db089934071355e5743bf21d60,0.6835440987426091,6541166.653932636,2023-06-23 17:11:38
CAKE,4447929.59,BNB Smart Chain (BEP20),0x8894e0a0c962cb723c1976a4421c95949be2d4e3,1.450214393482511,6450451.512614763,2023-06-23 17:15:51
ATA,64573751.19,Ethereum,0x5a52e96bacdabb82fd05763e25335261b270efcb,0.09922994774394318,6407649.956214089,2023-06-23 17:12:03
RLC,4500000,Ethereum,0x5a52e96bacdabb82fd05763e25335261b270efcb,1.3935202445895336,6270841.100652901,2023-06-23 17:12:03
WNXM,210000,Ethereum,0xf977814e90da44bfa03b6295a0616a897441acec,29.8180676342915,6261794.203201215,2023-06-23 17:11:09
EPX,28580099967.63,BNB Smart Chain (BEP20),0xf977814e90da44bfa03b6295a0616a897441acec,0.00021581123960375684,6167906.802013521,2023-06-23 17:15:38
FLUX,12852982.34,Ethereum,0xf977814e90da44bfa03b6295a0616a897441acec,0.47766099751701546,6139368.365592984,2023-06-23 17:11:09
MDT,143000000,Ethereum,0x5a52e96bacdabb82fd05763e25335261b270efcb,0.04288482308136217,6132529.700634791,2023-06-23 17:12:03
DREP,18976319.73,Ethereum,0xf977814e90da44bfa03b6295a0616a897441acec,0.3226116647947667,6121982.099773078,2023-06-23 17:11:09
GMT,25554585.95,Ethereum,0xf977814e90da44bfa03b6295a0616a897441acec,0.23915986395248526,6111631.299164091,2023-06-23 17:11:09
REQ,75000000,Ethereum,0xf977814e90da44bfa03b6295a0616a897441acec,0.08071292099327419,6053469.074495564,2023-06-23 17:11:09
CTSI,39718700,Ethereum,0xf977814e90da44bfa03b6295a0616a897441acec,0.15077322304127466,5988516.414009476,2023-06-23 17:11:09
BAT,30309956.69,Ethereum,0xf977814e90da44bfa03b6295a0616a897441acec,0.19724996755064525,5978637.973563964,2023-06-23 17:11:09
BTC,193.95,Bitcoin,3JFJPpH8Chwo7CDbyYQ4XcfgcjEP1FGRMJ,30613.77302823114,5937541.278825429,2023-06-23 17:19:16
JASMY,1340000000,Ethereum,0x5a52e96bacdabb82fd05763e25335261b270efcb,0.004393367305332295,5887112.189145274,2023-06-23 17:12:03
INJ,839723.85,BNB Beacon Chain (BEP2),bnb1lsmt5a8vqqus5fwslx8pyyemgjtg4y6ugj308t,6.974863286069566,5856959.051801987,2023-06-23 17:18:21
BTT,12000000000000,Tron20,TJCo98saj6WND61g1uuKwJ9GMWMT9WkJFo,4.832647862017942e-07,5799177.434421531,2023-06-23 17:25:43
CLV,160000000,Ethereum,0xf977814e90da44bfa03b6295a0616a897441acec,0.03622212935743839,5795540.697190142,2023-06-23 17:11:09
BNB,23193.68,BNB Smart Chain (BEP20),0x73f5ebe90f27b46ea12e5795d16c4b408b19cc6f,246.33227926255861,5713352.058886421,2023-06-23 17:16:19
HOT,4000000000,Ethereum,0x5a52e96bacdabb82fd05763e25335261b270efcb,0.0014258007654968231,5703203.061987292,2023-06-23 17:12:03
BNB,23042,BNB Smart Chain (BEP20),0xa180fe01b906a1be37be6c534a3300785b20d947,246.33227926255861,5675988.378767876,2023-06-23 17:17:40
ATOM,605395.64,BNB Smart Chain (BEP20),0xf977814e90da44bfa03b6295a0616a897441acec,9.360948466470747,5667077.387866076,2023-06-23 17:15:38
RPL,140000,Ethereum,0xf977814e90da44bfa03b6295a0616a897441acec,40.29781426728063,5641693.997419288,2023-06-23 17:11:09
BNB,22865.96,BNB Smart Chain (BEP20),0x29bdfbf7d27462a2d115748ace2bd71a2646946c,246.33227926255861,5632624.044326494,2023-06-23 17:16:28
VIB,114799878.51,Ethereum,0xf977814e90da44bfa03b6295a0616a897441acec,0.04886776015544791,5610012.928901238,2023-06-23 17:11:09
MATIC,8263185.7,Ethereum,0x28c6c06298d514db089934071355e5743bf21d60,0.6767430239268217,5592053.277886871,2023-06-23 17:11:38
ZRX,27000000,Ethereum,0xbe0eb53f46cd790cd13851d5eff43d12404d33e8,0.20633524515400722,5571051.619158195,2023-06-23 17:11:47
LRC,23523860,Ethereum,0x5a52e96bacdabb82fd05763e25335261b270efcb,0.23667639928132314,5567542.481997946,2023-06-23 17:12:03
DIA,22000000,Ethereum,0xf977814e90da44bfa03b6295a0616a897441acec,0.2523452923414978,5551596.431512951,2023-06-23 17:11:09
ARPA,107800000,BNB Smart Chain (BEP20),0xf977814e90da44bfa03b6295a0616a897441acec,0.05144931964703571,5546236.65795045,2023-06-23 17:15:38
DUSK,43182201.21,BNB Beacon Chain (BEP2),bnb1u2agwjat20494fmc6jnuau0ls937cfjn4pjwtn,0.12809293820908815,5531335.031324942,2023-06-23 17:18:20
DOGE,81396088.99,Dogechain,DJRaDXkewtLgwL9EZyTkWQEsxuyBUaveKU,0.06780713373436746,5519235.491599404,2023-06-23 17:12:36
BNB,22305.04,BNB Smart Chain (BEP20),0x161ba15a5f335c9f06bb5bbb0a9ce14076fbb645,246.33227926255861,5494451.342242541,2023-06-23 17:17:30
BIDR,82327691195.17,BNB Beacon Chain (BEP2),bnb142q467df6jun6rt5u2ar58sp47hm5f9wvz2cvg,6.660172270087197e-05,5483166.059583731,2023-06-23 17:18:22
RNDR,2548125.38,Ethereum,0x28c6c06298d514db089934071355e5743bf21d60,2.1475819735862176,5472308.132525531,2023-06-23 17:11:38
POLS,17000000,Ethereum,0xf977814e90da44bfa03b6295a0616a897441acec,0.3209671785482511,5456442.035320268,2023-06-23 17:11:09
BNB,22064.93,BNB Smart Chain (BEP20),0x01c952174c24e1210d26961d456a77a39e1f0bb0,246.33227926255861,5435304.498668808,2023-06-23 17:16:40
MBOX,16950000,BNB Smart Chain (BEP20),0x5a52e96bacdabb82fd05763e25335261b270efcb,0.3196815205448421,5418601.773235074,2023-06-23 17:15:29
FET,22482830.75,Ethereum,0xf977814e90da44bfa03b6295a0616a897441acec,0.24006881735350846,5397426.588911594,2023-06-23 17:11:09
HIFI,16778806,Ethereum,0xf977814e90da44bfa03b6295a0616a897441acec,0.3193208478464185,5357822.5577705735,2023-06-23 17:11:09
RARE,76000000,Ethereum,0xf977814e90da44bfa03b6295a0616a897441acec,0.06997929162783359,5318426.163715353,2023-06-23 17:11:09
BADGER,2326380.68,Ethereum,0xf977814e90da44bfa03b6295a0616a897441acec,2.2825097604932467,5309986.608722917,2023-06-23 17:11:09
DOGE,78234126.99,Dogechain,DPKKpanH1hMVzdWb2oi126znjruvvGRQzj,0.06780713373436746,5304831.911402416,2023-06-23 17:12:37
BNB,21533.32,BNB Smart Chain (BEP20),0xeb2d2f1b8c558a40207669291fda468e50c8a0bb,246.33227926255861,5304351.795690038,2023-06-23 17:17:19
DAR,47643693.37,BNB Smart Chain (BEP20),0x5a52e96bacdabb82fd05763e25335261b270efcb,0.10872579708704781,5180098.537824145,2023-06-23 17:15:29
MDT,120279494.85,Ethereum,0xbe0eb53f46cd790cd13851d5eff43d12404d33e8,0.04288482308136217,5158164.856957862,2023-06-23 17:11:47
FARM,199310.36,Ethereum,0xf977814e90da44bfa03b6295a0616a897441acec,25.87176843055574,5156511.479730699,2023-06-23 17:11:09
BNB,20919.31,BNB Smart Chain (BEP20),0xe2fc31f816a9b94326492132018c3aecc4a93ae1,246.33227926255861,5153101.312900036,2023-06-23 17:15:20
ANKR,214374266.03,BNB Beacon Chain (BEP2),bnb1u2agwjat20494fmc6jnuau0ls937cfjn4pjwtn,0.024002519187167365,5145522.4336199965,2023-06-23 17:18:20
MKR,7255,Ethereum,0xbe0eb53f46cd790cd13851d5eff43d12404d33e8,708.8049331930781,5142379.790315782,2023-06-23 17:11:47
REEF,2893931900,BNB Smart Chain (BEP20),0x5a52e96bacdabb82fd05763e25335261b270efcb,0.001770972454307769,5125073.679542545,2023-06-23 17:15:29
COS,933139113.1,BNB Beacon Chain (BEP2),bnb142q467df6jun6rt5u2ar58sp47hm5f9wvz2cvg,0.005481655439818048,5115147.0954316035,2023-06-23 17:18:22
JST,230000000,Tron20,TWd4WrZ9wn84f5x1hZhL4DHvk738ns5jwb,0.022161923017664734,5097242.294062889,2023-06-23 17:25:56
DAR,46838645.23,BNB Smart Chain (BEP20),0xf977814e90da44bfa03b6295a0616a897441acec,0.10872579708704781,5092569.0371092,2023-06-23 17:15:38
FUN,1200000000,Ethereum,0xbe0eb53f46cd790cd13851d5eff43d12404d33e8,0.004184778307231151,5021733.968677381,2023-06-23 17:11:47
NMR,372102.26,Ethereum,0xf977814e90da44bfa03b6295a0616a897441acec,13.484155829641406,5017484.858401742,2023-06-23 17:11:09
BNB,20176.73,BNB Smart Chain (BEP20),0xdccf3b77da55107280bd850ea519df3705d1a75a,246.33227926255861,4970179.888965244,2023-06-23 17:16:59
T,185686597.73,Ethereum,0xf977814e90da44bfa03b6295a0616a897441acec,0.02669143257166962,4956241.302773036,2023-06-23 17:11:09
SNM,11625737.03,Ethereum,0xf977814e90da44bfa03b6295a0616a897441acec,0.42101277771620055,4894583.839998391,2023-06-23 17:11:09
NKN,50000000,Ethereum,0xbe0eb53f46cd790cd13851d5eff43d12404d33e8,0.09762963169688467,4881481.5848442335,2023-06-23 17:11:47
UMA,3000000,Ethereum,0xf977814e90da44bfa03b6295a0616a897441acec,1.6243954732127124,4873186.419638137,2023-06-23 17:11:09
AAVE,83679.97,BNB Beacon Chain (BEP2),bnb1u2agwjat20494fmc6jnuau0ls937cfjn4pjwtn,57.859670330844345,4841695.477494945,2023-06-23 17:18:20
ANKR,201561486.3,Ethereum,0x5a52e96bacdabb82fd05763e25335261b270efcb,0.024002519187167365,4837983.442309722,2023-06-23 17:12:03
USDC,4801312.1,Tron20,TV6MuMXfmLbBqPZvBHdwFsDnQeVfnmiuSi,0.999962720808448,4801133.110966522,2023-06-23 17:25:35
BEL,7114655.77,Ethereum,0x5a52e96bacdabb82fd05763e25335261b270efcb,0.6725796512884608,4785172.696824035,2023-06-23 17:12:03
OAX,26104916.27,Ethereum,0xf977814e90da44bfa03b6295a0616a897441acec,0.18297609095080647,4776575.533682708,2023-06-23 17:11:09
IDEX,78464921.06,Ethereum,0xbe0eb53f46cd790cd13851d5eff43d12404d33e8,0.060798723503725983,4770567.040268626,2023-06-23 17:11:47
SYN,7000000,Ethereum,0xf977814e90da44bfa03b6295a0616a897441acec,0.6780022535167848,4746015.774617493,2023-06-23 17:11:09
OM,195051692,Ethereum,0xf977814e90da44bfa03b6295a0616a897441acec,0.024215985348212545,4723368.915616066,2023-06-23 17:11:09
WBETH,2479.16,Ethereum,0xdfd5293d8e347dfe59e90efd55b2956a1343963d,1896.0417177574939,4700590.784995669,2023-06-23 17:11:28
PROS,14160000,Ethereum,0xf977814e90da44bfa03b6295a0616a897441acec,0.33190889868680584,4699830.005405171,2023-06-23 17:11:09
BNB,19072.39,BNB Smart Chain (BEP20),0x1fbe2acee135d991592f167ac371f3dd893a508b,246.33227926255861,4698145.2996844305,2023-06-23 17:16:49
ANKR,195594587.16,BNB Beacon Chain (BEP2),bnb142q467df6jun6rt5u2ar58sp47hm5f9wvz2cvg,0.024002519187167365,4694762.831213979,2023-06-23 17:18:22
FTM,14723533.34,BNB Beacon Chain (BEP2),bnb1u2agwjat20494fmc6jnuau0ls937cfjn4pjwtn,0.31875698105129213,4693229.037866448,2023-06-23 17:18:20
FOR,240000000,Ethereum,0xf977814e90da44bfa03b6295a0616a897441acec,0.019425373971582574,4662089.753179817,2023-06-23 17:11:09
FET,19377323.87,Ethereum,0x28c6c06298d514db089934071355e5743bf21d60,0.24006881735350846,4651891.22494681,2023-06-23 17:11:38
FOR,238604252.64,BNB Smart Chain (BEP20),0xf977814e90da44bfa03b6295a0616a897441acec,0.019425373971582574,4634976.838741968,2023-06-23 17:15:38
TRB,447774,Ethereum,0x5a52e96bacdabb82fd05763e25335261b270efcb,10.3494793439324,4634227.763749986,2023-06-23 17:12:03
BUSD,4616429.89,BNB Beacon Chain (BEP2),bnb1fnd0k5l4p3ck2j9x9dp36chk059w977pszdgdz,1.0001641908688188,4617187.86563448,2023-06-23 17:18:19
DOGE,67455316,Dogechain,D73RQLGWW9TBT2AKspEP24wLiXFrXvnTqX,0.06780713373436746,4573951.6331060175,2023-06-23 17:12:36
DYDX,2429531.13,Ethereum,0x28c6c06298d514db089934071355e5743bf21d60,1.8760371104011295,4557890.560754791,2023-06-23 17:11:38
SNT,195993340.12,Ethereum,0xf977814e90da44bfa03b6295a0616a897441acec,0.023251857404722378,4557209.196745493,2023-06-23 17:11:09
DEXE,2125465.9,Ethereum,0xf977814e90da44bfa03b6295a0616a897441acec,2.1200597732746975,4506114.754057101,2023-06-23 17:11:09
SANTOS,1400000,BNB Smart Chain (BEP20),0x5a52e96bacdabb82fd05763e25335261b270efcb,3.2123349163622597,4497268.882907163,2023-06-23 17:15:29
BAKE,39900000,BNB Smart Chain (BEP20),0x5a52e96bacdabb82fd05763e25335261b270efcb,0.11193714990013054,4466292.281015209,2023-06-23 17:15:29
CVP,12716761.27,Ethereum,0xf977814e90da44bfa03b6295a0616a897441acec,0.3504667205403168,4456801.618191014,2023-06-23 17:11:09
MC,23000000,Ethereum,0xf977814e90da44bfa03b6295a0616a897441acec,0.19118670820174563,4397294.28864015,2023-06-23 17:11:09
AGIX,17526161.29,Ethereum,0x28c6c06298d514db089934071355e5743bf21d60,0.2488199568784357,4360858.696422309,2023-06-23 17:11:38
SNX,2231445.89,Ethereum,0xbe0eb53f46cd790cd13851d5eff43d12404d33e8,1.9502189558642082,4351808.073663279,2023-06-23 17:11:47
SUPER,37224907,Ethereum,0x5a52e96bacdabb82fd05763e25335261b270efcb,0.11688262419597309,4350944.815611048,2023-06-23 17:12:03
DUSK,33633392.29,BNB Smart Chain (BEP20),0xf977814e90da44bfa03b6295a0616a897441acec,0.12809293820908815,4308200.040364992,2023-06-23 17:15:38
WBETH,2271.76,Ethereum,0x21a31ee1afc51d94c2efccaa2092ad1028285549,1896.0417177574939,4307351.732732764,2023-06-23 17:11:19
USDC,4300996.83,Ethereum,0x21a31ee1afc51d94c2efccaa2092ad1028285549,0.999962720808448,4300836.49231531,2023-06-23 17:11:19
FUN,1026265596.53,Ethereum,0xf977814e90da44bfa03b6295a0616a897441acec,0.004184778307231151,4294694.0058163805,2023-06-23 17:11:09
MKR,5891.9,Ethereum,0x28c6c06298d514db089934071355e5743bf21d60,708.8049331930781,4176207.7858802965,2023-06-23 17:11:38
DODO,40500000,Ethereum,0x5a52e96bacdabb82fd05763e25335261b270efcb,0.10195074958282056,4129005.3581042327,2023-06-23 17:12:03
AUDIO,21298191.68,Ethereum,0x5a52e96bacdabb82fd05763e25335261b270efcb,0.19176702946221713,4084290.9513905076,2023-06-23 17:12:03
PHB,5677277.14,BNB Smart Chain (BEP20),0x5a52e96bacdabb82fd05763e25335261b270efcb,0.7132020629579167,4049045.768231821,2023-06-23 17:15:29
BCH,21935.06,BNB Smart Chain (BEP20),0xf977814e90da44bfa03b6295a0616a897441acec,183.17793907381238,4018019.0842604195,2023-06-23 17:15:38
BUSD,3957581.6,Polygon,0xf977814e90da44bfa03b6295a0616a897441acec,1.0001641908688188,3958231.3987613255,2023-06-23 17:21:23
SAND,8917431.5,Ethereum,0x28c6c06298d514db089934071355e5743bf21d60,0.4418509684342,3940175.744220641,2023-06-23 17:11:38
XRP,8008483,BNB Beacon Chain (BEP2),bnb1lsmt5a8vqqus5fwslx8pyyemgjtg4y6ugj308t,0.4917989786113733,3938563.7596265464,2023-06-23 17:18:21
AUDIO,20000000,Ethereum,0xbe0eb53f46cd790cd13851d5eff43d12404d33e8,0.19176702946221713,3835340.5892443424,2023-06-23 17:11:47
SHIB,481666135142.22,Ethereum,0x28c6c06298d514db089934071355e5743bf21d60,7.962453971363096e-06,3835244.4306342835,2023-06-23 17:11:38
BNB,15462.81,BNB Smart Chain (BEP20),0x515b72ed8a97f42c568d6a143232775018f133c8,246.33227926255861,3808989.231103884,2023-06-23 17:16:11
ETC,199779,BNB Beacon Chain (BEP2),bnb1u2agwjat20494fmc6jnuau0ls937cfjn4pjwtn,19.009008881437932,3797600.7853247887,2023-06-23 17:18:20
FXS,649909.08,Ethereum,0x28c6c06298d514db089934071355e5743bf21d60,5.7519029694929005,3738213.9671523985,2023-06-23 17:11:38
POWR,25000000,Ethereum,0xf977814e90da44bfa03b6295a0616a897441acec,0.14805594368019287,3701398.5920048216,2023-06-23 17:11:09
PEPE,2288732628321.48,Ethereum,0x21a31ee1afc51d94c2efccaa2092ad1028285549,1.6142925503459363e-06,3694684.03163304,2023-06-23 17:11:19
T,138236959.74,Ethereum,0x28c6c06298d514db089934071355e5743bf21d60,0.02669143257166962,3689742.489812818,2023-06-23 17:11:38
DOGE,53632466.99,Dogechain,DFyohYD3bMXCEg1TdMfdy1J7dYfK4shhPf,0.06780713373436746,3636663.8616949786,2023-06-23 17:12:36
LQTY,3750000,Ethereum,0x5a52e96bacdabb82fd05763e25335261b270efcb,0.9659076402158756,3622153.6508095334,2023-06-23 17:12:03
SNT,153511023.13,Ethereum,0x5a52e96bacdabb82fd05763e25335261b270efcb,0.023251857404722378,3569416.4198717987,2023-06-23 17:12:03
AAVE,61252.04,Ethereum,0x28c6c06298d514db089934071355e5743bf21d60,57.859670330844345,3544022.8414916913,2023-06-23 17:11:38
PORTO,1884000,BNB Smart Chain (BEP20),0x5a52e96bacdabb82fd05763e25335261b270efcb,1.8751773967379073,3532834.2154542175,2023-06-23 17:15:29
TRX,48705796.39,Tron20,TNXoiAJ3dct8Fjg4M9fkLFh9S2v9TXc32G,0.07233586629359397,3523175.975390052,2023-06-23 17:25:50
UNI,725503.11,Ethereum,0x28c6c06298d514db089934071355e5743bf21d60,4.821953227642379,3498342.062929084,2023-06-23 17:11:38
BNB,14018.45,BNB Smart Chain (BEP20),0xbd612a3f30dca67bf60a39fd0d35e39b7ab80774,246.33227926255861,3453196.7402282148,2023-06-23 17:17:08
BNB,13984.44,BNB Smart Chain (BEP20),0x3c783c21a0383057d128bae431894a5c19f9cf06,246.33227926255861,3444818.979410495,2023-06-23 17:16:01
ARPA,66375223.44,Ethereum,0x28c6c06298d514db089934071355e5743bf21d60,0.05144931964703571,3414960.087407977,2023-06-23 17:11:38
NEXO,5216177.94,Ethereum,0xf977814e90da44bfa03b6295a0616a897441acec,0.6543456335632629,3413183.258928016,2023-06-23 17:11:09
LINA,238718964.86,Ethereum,0x28c6c06298d514db089934071355e5743bf21d60,0.014294969977840345,3412480.4358148244,2023-06-23 17:11:38
CELR,200000000,Ethereum,0x5a52e96bacdabb82fd05763e25335261b270efcb,0.016951326421983926,3390265.2843967853,2023-06-23 17:12:03
AERGO,32818837.11,Ethereum,0xf977814e90da44bfa03b6295a0616a897441acec,0.10304560894682353,3381837.0549265603,2023-06-23 17:11:09
AUCTION,819559.84,Ethereum,0xf977814e90da44bfa03b6295a0616a897441acec,4.101110116370489,3361105.1507949787,2023-06-23 17:11:09
AST,30000000,Ethereum,0xbe0eb53f46cd790cd13851d5eff43d12404d33e8,0.11199747434796757,3359924.2304390273,2023-06-23 17:11:47
PEPE,2070198359842.04,Ethereum,0xdfd5293d8e347dfe59e90efd55b2956a1343963d,1.6142925503459363e-06,3341905.7900313814,2023-06-23 17:11:28
TRX,44951376.21,Tron20,TYASr5UV6HEcXatwdFQfmLVUqQQQMUxHLS,0.07233586629359397,3251596.739239601,2023-06-23 17:25:46
1INCH,10000000,Ethereum,0xbe0eb53f46cd790cd13851d5eff43d12404d33e8,0.32500199366110394,3250019.9366110396,2023-06-23 17:11:47
ID,10000000,BNB Smart Chain (BEP20),0xf977814e90da44bfa03b6295a0616a897441acec,0.3234469254652746,3234469.254652746,2023-06-23 17:15:38
REQ,40000000,Ethereum,0xbe0eb53f46cd790cd13851d5eff43d12404d33e8,0.08071292099327419,3228516.839730968,2023-06-23 17:11:47
YFI,500,Ethereum,0xbe0eb53f46cd790cd13851d5eff43d12404d33e8,6444.745262257983,3222372.6311289915,2023-06-23 17:11:47
TRX,44338091.44,Tron20,TAzsQ9Gx8eqFNFSKbeXrbi45CuVPHzA8wr,0.07233586629359397,3207234.254116983,2023-06-23 17:25:41
AST,28000000,Ethereum,0xf977814e90da44bfa03b6295a0616a897441acec,0.11199747434796757,3135929.281743092,2023-06-23 17:11:09
BIFI,8000,BNB Smart Chain (BEP20),0xf977814e90da44bfa03b6295a0616a897441acec,387.6806868464639,3101445.4947717115,2023-06-23 17:15:38
UFT,12098573.26,Ethereum,0xf977814e90da44bfa03b6295a0616a897441acec,0.2543185393642864,3076891.4798750128,2023-06-23 17:11:09
UNI,627669.4,BNB Beacon Chain (BEP2),bnb1u2agwjat20494fmc6jnuau0ls937cfjn4pjwtn,4.821953227642379,3026592.4892223557,2023-06-23 17:18:20
SFP,6400000,BNB Smart Chain (BEP20),0x5a52e96bacdabb82fd05763e25335261b270efcb,0.4698038758392983,3006744.805371509,2023-06-23 17:15:29
TRX,41481369.23,Tron20,TJDENsfBJs4RFETt1X1W8wMDc8M5XnJhCe,0.07233586629359397,3000590.7782964827,2023-06-23 17:25:38
DOT,592666.18,BNB Beacon Chain (BEP2),bnb1u2agwjat20494fmc6jnuau0ls937cfjn4pjwtn,5.059581345310374,2998642.74832436,2023-06-23 17:18:20
CREAM,79000,Ethereum,0x5a52e96bacdabb82fd05763e25335261b270efcb,37.627782920313734,2972594.850704785,2023-06-23 17:12:03
POWR,20000000,Ethereum,0xbe0eb53f46cd790cd13851d5eff43d12404d33e8,0.14805594368019287,2961118.8736038576,2023-06-23 17:11:47
MATIC,4315495.2,Ethereum,0x21a31ee1afc51d94c2efccaa2092ad1028285549,0.6767430239268217,2920481.2713896846,2023-06-23 17:11:19
LTO,44462347.3,Ethereum,0xf977814e90da44bfa03b6295a0616a897441acec,0.06563464465478229,2918270.3655530186,2023-06-23 17:11:09
GMX,54000,Arbitrum,0xf977814e90da44bfa03b6295a0616a897441acec,53.83291512465426,2906977.4167313296,2023-06-23 17:26:54
UNI,598502.9,BNB Beacon Chain (BEP2),bnb142q467df6jun6rt5u2ar58sp47hm5f9wvz2cvg,4.821953227642379,2885952.990408324,2023-06-23 17:18:22
UFT,11345455.41,Ethereum,0x5a52e96bacdabb82fd05763e25335261b270efcb,0.2543185393642864,2885359.648293841,2023-06-23 17:12:03
MATIC,4253657.54,Ethereum,0xdfd5293d8e347dfe59e90efd55b2956a1343963d,0.6767430239268217,2878633.0663687256,2023-06-23 17:11:28
BLZ,50000000,Ethereum,0xbe0eb53f46cd790cd13851d5eff43d12404d33e8,0.05702658222089574,2851329.111044787,2023-06-23 17:11:47
MANA,7202604.6,Ethereum,0x28c6c06298d514db089934071355e5743bf21d60,0.3925915335274815,2827681.585306092,2023-06-23 17:11:38
RPL,70084.25,Ethereum,0x28c6c06298d514db089934071355e5743bf21d60,40.29781426728063,2824242.089561662,2023-06-23 17:11:38
GMX,52223.1,Arbitrum,0xb38e8c17e38363af6ebdcb3dae12e0243582891d,53.83291512465426,2811321.7098463317,2023-06-23 17:26:51
FTM,8811000,BNB Beacon Chain (BEP2),bnb1lsmt5a8vqqus5fwslx8pyyemgjtg4y6ugj308t,0.31875698105129213,2808567.760042935,2023-06-23 17:18:21
TRX,38707677.43,Tron20,TQrY8tryqsYVCYS3MFbtffiPp2ccyn4STm,0.07233586629359397,2799953.379112045,2023-06-23 17:26:04
SUN,482466907.82,Tron20,TWd4WrZ9wn84f5x1hZhL4DHvk738ns5jwb,0.005718437151985477,2758956.6902814405,2023-06-23 17:25:56
LINK,448214.83,Ethereum,0x21a31ee1afc51d94c2efccaa2092ad1028285549,6.051941676694777,2712570.0097896643,2023-06-23 17:11:19
OXT,50000000,Ethereum,0xf977814e90da44bfa03b6295a0616a897441acec,0.054082158582326394,2704107.92911632,2023-06-23 17:11:09
BETA,30198145.71,Ethereum,0x5a52e96bacdabb82fd05763e25335261b270efcb,0.08751993735051379,2642939.8206408867,2023-06-23 17:12:03
MAGIC,3223344.11,Arbitrum,0xb38e8c17e38363af6ebdcb3dae12e0243582891d,0.8171013760495628,2633798.907762253,2023-06-23 17:26:51
PNT,23197438.99,Ethereum,0xf977814e90da44bfa03b6295a0616a897441acec,0.11349248338638968,2632734.9591793627,2023-06-23 17:11:09
GALA,100000000,Ethereum,0x5a52e96bacdabb82fd05763e25335261b270efcb,0.026250574392547184,2625057.4392547184,2023-06-23 17:12:03
MC,13620000,Ethereum,0x5a52e96bacdabb82fd05763e25335261b270efcb,0.19118670820174563,2603962.9657077757,2023-06-23 17:12:03
BICO,9914277.66,Ethereum,0x5a52e96bacdabb82fd05763e25335261b270efcb,0.2613538300467643,2591134.4385880725,2023-06-23 17:12:03
C98,16338850.54,Ethereum,0x5a52e96bacdabb82fd05763e25335261b270efcb,0.15499853118666354,2532497.8349784245,2023-06-23 17:12:03
DIA,10000000,Ethereum,0xbe0eb53f46cd790cd13851d5eff43d12404d33e8,0.2523452923414978,2523452.9234149777,2023-06-23 17:11:47
REN,40000000,Ethereum,0xbe0eb53f46cd790cd13851d5eff43d12404d33e8,0.06266103804098722,2506441.5216394886,2023-06-23 17:11:47
BNB,10010.05,BNB Smart Chain (BEP20),0xBE0eB53F46cd790Cd13851d5EFf43D12404d33E8,246.33227926255861,2465798.432032175,2023-06-23 17:17:49
TRX,33720961.01,Tron20,TWd4WrZ9wn84f5x1hZhL4DHvk738ns5jwb,0.07233586629359397,2439234.9269108553,2023-06-23 17:25:56
MTL,1706343.27,Ethereum,0x28c6c06298d514db089934071355e5743bf21d60,1.4241302119667643,2430055.0027931617,2023-06-23 17:11:38
ANKR,100000000,Ethereum,0xbe0eb53f46cd790cd13851d5eff43d12404d33e8,0.024002519187167365,2400251.9187167366,2023-06-23 17:11:47
ANT,561354.3,Ethereum,0x5a52e96bacdabb82fd05763e25335261b270efcb,4.231323096638507,2375271.4149873415,2023-06-23 17:12:03
ONE,185200887,BNB Beacon Chain (BEP2),bnb1u2agwjat20494fmc6jnuau0ls937cfjn4pjwtn,0.01277801024108619,2366498.8307442465,2023-06-23 17:18:20
YFI,363.93,BNB Smart Chain (BEP20),0xf977814e90da44bfa03b6295a0616a897441acec,6444.745262257983,2345436.143293548,2023-06-23 17:15:38
STPT,57000000,Ethereum,0x5a52e96bacdabb82fd05763e25335261b270efcb,0.03992575901108054,2275768.2636315906,2023-06-23 17:12:03
PUNDIX,6100000,Ethereum,0x5a52e96bacdabb82fd05763e25335261b270efcb,0.37049352410182773,2260010.4970211494,2023-06-23 17:12:03
TBCC,93164670.04,BNB Smart Chain (BEP20),0xf977814e90da44bfa03b6295a0616a897441acec,0.02419228616043142,2253866.3576498516,2023-06-23 17:15:38
UNFI,622988.58,BNB Beacon Chain (BEP2),bnb1fnd0k5l4p3ck2j9x9dp36chk059w977pszdgdz,3.6089703943251963,2248347.341222694,2023-06-23 17:18:19
ALCX,150619.56,Ethereum,0xf977814e90da44bfa03b6295a0616a897441acec,14.822681703738201,2232585.796237098,2023-06-23 17:11:09
DOGE,32596585.98,Dogechain,D7QZnXec5bkMyokPFPh6v4WAw5VF5TocAy,0.06780713373436746,2210281.0648296676,2023-06-23 17:12:36
FTM,6892427.87,BNB Smart Chain (BEP20),0xf977814e90da44bfa03b6295a0616a897441acec,0.31875698105129213,2197009.499954988,2023-06-23 17:15:38
ID,6760795.39,Ethereum,0x28c6c06298d514db089934071355e5743bf21d60,0.3234469254652746,2186758.482595302,2023-06-23 17:11:38
JOE,5361981,Arbitrum,0xf977814e90da44bfa03b6295a0616a897441acec,0.4031251329568564,2161549.303537138,2023-06-23 17:26:54
COTI,41681162.86,BNB Beacon Chain (BEP2),bnb1u2agwjat20494fmc6jnuau0ls937cfjn4pjwtn,0.051850478278702164,2161188.2295034775,2023-06-23 17:18:20
TVK,75000000,Ethereum,0x5a52e96bacdabb82fd05763e25335261b270efcb,0.02783609445272413,2087707.0839543098,2023-06-23 17:12:03
WNXM,70000,Ethereum,0xbe0eb53f46cd790cd13851d5eff43d12404d33e8,29.8180676342915,2087264.7344004049,2023-06-23 17:11:47
FTM,6458260.27,Ethereum,0x28c6c06298d514db089934071355e5743bf21d60,0.31875698105129213,2058615.5465087027,2023-06-23 17:11:38
DEXE,962000,Ethereum,0x5a52e96bacdabb82fd05763e25335261b270efcb,2.1200597732746975,2039497.501890259,2023-06-23 17:12:03
ADA,6899000,BNB Beacon Chain (BEP2),bnb1lsmt5a8vqqus5fwslx8pyyemgjtg4y6ugj308t,0.29528771514165897,2037189.9467623052,2023-06-23 17:18:21
MASK,531575.82,BNB Smart Chain (BEP20),0x5a52e96bacdabb82fd05763e25335261b270efcb,3.8201549247343123,2030701.9866426801,2023-06-23 17:15:29
WTC,12028419.35,Ethereum,0xf977814e90da44bfa03b6295a0616a897441acec,0.16624449310066905,1999658.477643029,2023-06-23 17:11:09
AUCTION,478784.99,Ethereum,0x5a52e96bacdabb82fd05763e25335261b270efcb,4.101110116370489,1963549.9660553432,2023-06-23 17:12:03
LINK,323884.44,Ethereum,0xdfd5293d8e347dfe59e90efd55b2956a1343963d,6.051941676694777,1960129.7408689489,2023-06-23 17:11:28
RNDR,911700.49,Ethereum,0xdfd5293d8e347dfe59e90efd55b2956a1343963d,2.1475819735862176,1957951.5376337217,2023-06-23 17:11:28
JOE,4812760.14,Avalanche C-Chain,0x9f8c163cba728e99993abe7495f06c0a3c8ac8b9,0.4031251329568564,1940144.5713269587,2023-06-23 17:21:43
ID,5971919.66,BNB Smart Chain (BEP20),0x8894e0a0c962cb723c1976a4421c95949be2d4e3,0.3234469254652746,1931599.053152628,2023-06-23 17:15:51
MLN,108729.6,Ethereum,0xf977814e90da44bfa03b6295a0616a897441acec,17.622062588915693,1916039.8164677678,2023-06-23 17:11:09
SHIB,240513107442.88,Ethereum,0x21a31ee1afc51d94c2efccaa2092ad1028285549,7.962453971363096e-06,1915074.547523439,2023-06-23 17:11:19
ACH,84917374.64,Ethereum,0x28c6c06298d514db089934071355e5743bf21d60,0.02229483633525305,1893218.969618168,2023-06-23 17:11:38
TWT,2000000,BNB Smart Chain (BEP20),0xf977814e90da44bfa03b6295a0616a897441acec,0.9384467012693389,1876893.402538678,2023-06-23 17:15:38
LTC,20497.11,BNB Smart Chain (BEP20),0x8894e0a0c962cb723c1976a4421c95949be2d4e3,91.2417333509287,1870191.8450846542,2023-06-23 17:15:51
YFI,289.98,BNB Beacon Chain (BEP2),bnb1u2agwjat20494fmc6jnuau0ls937cfjn4pjwtn,6444.745262257983,1868847.23114957,2023-06-23 17:18:20
CVP,5332138.53,Ethereum,0x5a52e96bacdabb82fd05763e25335261b270efcb,0.3504667205403168,1868737.1040757657,2023-06-23 17:12:03
ALCX,125797.88,Ethereum,0x5a52e96bacdabb82fd05763e25335261b270efcb,14.822681703738201,1864661.934245054,2023-06-23 17:12:03
GNO,15872.33,Ethereum,0xf977814e90da44bfa03b6295a0616a897441acec,116.43812727776981,1848144.380734764,2023-06-23 17:11:09
AXS,301477.83,BNB Smart Chain (BEP20),0x5a52e96bacdabb82fd05763e25335261b270efcb,6.075813314303603,1831723.0134813583,2023-06-23 17:15:29
OAX,10000001,Ethereum,0xbe0eb53f46cd790cd13851d5eff43d12404d33e8,0.18297609095080647,1829761.0924841557,2023-06-23 17:11:47
LTC,19999.8,Litecoin,MJwFHGandYUFJTTHHSXg3q6u7ge4af1n4N,91.2417333509287,1824816.4186719037,2023-06-23 17:19:34
RNDR,844596.21,Ethereum,0x21a31ee1afc51d94c2efccaa2092ad1028285549,2.1475819735862176,1813839.5955552394,2023-06-23 17:11:19
LTC,19811,BNB Beacon Chain (BEP2),bnb1u2agwjat20494fmc6jnuau0ls937cfjn4pjwtn,91.2417333509287,1807589.9794152484,2023-06-23 17:18:20
1INCH,5550421.58,Ethereum,0x28c6c06298d514db089934071355e5743bf21d60,0.32500199366110394,1803898.0791596146,2023-06-23 17:11:38
LDO,939249.63,Ethereum,0xdfd5293d8e347dfe59e90efd55b2956a1343963d,1.9051669240308797,1789427.3284842419,2023-06-23 17:11:28
APE,785505,Ethereum,0x21a31ee1afc51d94c2efccaa2092ad1028285549,2.2727024449746573,1785219.1340398183,2023-06-23 17:11:19
INJ,254488.92,Ethereum,0xdfd5293d8e347dfe59e90efd55b2956a1343963d,6.974863286069566,1775025.424819495,2023-06-23 17:11:28
COMP,57266,Ethereum,0xbe0eb53f46cd790cd13851d5eff43d12404d33e8,30.65723787251825,1755617.3840076302,2023-06-23 17:11:47
SLP,941303614.47,BNB Smart Chain (BEP20),0xf977814e90da44bfa03b6295a0616a897441acec,0.0018469660232699337,1738555.7935072707,2023-06-23 17:15:38
LRC,7309869.4,Ethereum,0x28c6c06298d514db089934071355e5743bf21d60,0.23667639928132314,1730073.568808726,2023-06-23 17:11:38
HBTC,56,Ethereum,0xf977814e90da44bfa03b6295a0616a897441acec,30672.60652188712,1717665.9652256786,2023-06-23 17:11:09
BADGER,750000,Ethereum,0x5a52e96bacdabb82fd05763e25335261b270efcb,2.2825097604932467,1711882.3203699351,2023-06-23 17:12:03
APE,749347.92,Ethereum,0xdfd5293d8e347dfe59e90efd55b2956a1343963d,2.2727024449746573,1703044.849920674,2023-06-23 17:11:28
SNX,872595.04,Optimism,0xacd03d601e5bb1b275bb94076ff46ed9d753435a,1.9502189558642082,1701751.387801087,2023-06-23 17:22:18
TROY,805265108,BNB Beacon Chain (BEP2),bnb142q467df6jun6rt5u2ar58sp47hm5f9wvz2cvg,0.0021124467569992875,1701079.665919281,2023-06-23 17:18:22
QKC,200000000,Ethereum,0xbe0eb53f46cd790cd13851d5eff43d12404d33e8,0.008402013536744784,1680402.7073489567,2023-06-23 17:11:47
TRIBE,5773580.17,Ethereum,0xf977814e90da44bfa03b6295a0616a897441acec,0.28940062603591926,1670877.715666569,2023-06-23 17:11:09
MDX,25978715.57,BNB Smart Chain (BEP20),0x5a52e96bacdabb82fd05763e25335261b270efcb,0.06412646117687305,1665923.0954246325,2023-06-23 17:15:29
XTZ,2053640,BNB Beacon Chain (BEP2),bnb1u2agwjat20494fmc6jnuau0ls937cfjn4pjwtn,0.8091221117348384,1661645.5335431334,2023-06-23 17:18:20
ENS,190397.37,Ethereum,0x28c6c06298d514db089934071355e5743bf21d60,8.677732162974504,1652217.381394757,2023-06-23 17:11:38
ANT,388382.26,Ethereum,0xdfd5293d8e347dfe59e90efd55b2956a1343963d,4.231323096638507,1643370.8270626618,2023-06-23 17:11:28
BNB,6604.51,BNB Beacon Chain (BEP2),bnb1xrfwzlu9c5208lhtn7ywt0mjrhjh4nt4fjyqxy,246.33227926255861,1626904.0017123611,2023-06-23 17:18:21
HOOK,1431727.53,BNB Smart Chain (BEP20),0x8894e0a0c962cb723c1976a4421c95949be2d4e3,1.131376462631694,1619822.8283438126,2023-06-23 17:15:51
WRX,18090000,BNB Beacon Chain (BEP2),bnb1lsmt5a8vqqus5fwslx8pyyemgjtg4y6ugj308t,0.0886972082851193,1604532.4978778083,2023-06-23 17:18:21
STPT,40000000,Ethereum,0xbe0eb53f46cd790cd13851d5eff43d12404d33e8,0.03992575901108054,1597030.3604432214,2023-06-23 17:11:47
BTT,3254668901925.01,BNB Smart Chain (BEP20),0x5a52e96bacdabb82fd05763e25335261b270efcb,4.832647862017942e-07,1572866.871046418,2023-06-23 17:15:29
PLA,9860000,Polygon,0xf977814e90da44bfa03b6295a0616a897441acec,0.1594447431467581,1572125.1674270348,2023-06-23 17:21:23
IQ,328234680.75,Ethereum,0x28c6c06298d514db089934071355e5743bf21d60,0.004713850285041793,1547249.1434139893,2023-06-23 17:11:38
QKC,183682525.01,Ethereum,0xf977814e90da44bfa03b6295a0616a897441acec,0.008402013536744784,1543303.0615974823,2023-06-23 17:11:09
SNM,3635778,Ethereum,0x5a52e96bacdabb82fd05763e25335261b270efcb,0.42101277771620055,1530708.9949394523,2023-06-23 17:12:03
SNM,3600000.01,BNB Smart Chain (BEP20),0x5a52e96bacdabb82fd05763e25335261b270efcb,0.42101277771620055,1515646.0039884497,2023-06-23 17:15:29
CTSI,10000000,Ethereum,0xbe0eb53f46cd790cd13851d5eff43d12404d33e8,0.15077322304127466,1507732.2304127465,2023-06-23 17:11:47
SUSD,1500000,Ethereum,0xf977814e90da44bfa03b6295a0616a897441acec,0.9973826004947854,1496073.900742178,2023-06-23 17:11:09
BNB,6053.43,BNB Beacon Chain (BEP2),bnb1m5amny2gs3xdyta6pksmr43zu4727w24syyks7,246.33227926255861,1491155.2092563503,2023-06-23 17:18:21
JOE,3653860.64,Arbitrum,0xb38e8c17e38363af6ebdcb3dae12e0243582891d,0.4031251329568564,1472963.0563058245,2023-06-23 17:26:51
GMT,6050000,Ethereum,0x5a52e96bacdabb82fd05763e25335261b270efcb,0.23915986395248526,1446917.176912536,2023-06-23 17:12:03
FRONT,9560000,BNB Smart Chain (BEP20),0x5a52e96bacdabb82fd05763e25335261b270efcb,0.15101007814260134,1443656.3470432688,2023-06-23 17:15:29
CREAM,38050.64,Ethereum,0x28c6c06298d514db089934071355e5743bf21d60,37.627782920313734,1431761.2218990065,2023-06-23 17:11:38
VIB,29181622,Ethereum,0xbe0eb53f46cd790cd13851d5eff43d12404d33e8,0.04886776015544791,1426040.504842942,2023-06-23 17:11:47
MASK,363501.2,Ethereum,0xdfd5293d8e347dfe59e90efd55b2956a1343963d,3.8201549247343123,1388630.8993268323,2023-06-23 17:11:28
MASK,361203.2,Ethereum,0x21a31ee1afc51d94c2efccaa2092ad1028285549,3.8201549247343123,1379852.1833097928,2023-06-23 17:11:19
HFT,3513297.03,Ethereum,0x28c6c06298d514db089934071355e5743bf21d60,0.39189632353044007,1376848.189527414,2023-06-23 17:11:38
NFT,4297668457803.25,Tron20,TWd4WrZ9wn84f5x1hZhL4DHvk738ns5jwb,3.2016937249236504e-07,1375981.8133150968,2023-06-23 17:25:56
API3,1300000,Ethereum,0x5a52e96bacdabb82fd05763e25335261b270efcb,1.0576679107505877,1374968.2839757642,2023-06-23 17:12:03
BLZ,23700000,Ethereum,0x5a52e96bacdabb82fd05763e25335261b270efcb,0.05702658222089574,1351529.998635229,2023-06-23 17:12:03
NMR,100000,Ethereum,0xbe0eb53f46cd790cd13851d5eff43d12404d33e8,13.484155829641406,1348415.5829641405,2023-06-23 17:11:47
MKR,1901,BNB Beacon Chain (BEP2),bnb1u2agwjat20494fmc6jnuau0ls937cfjn4pjwtn,708.8049331930781,1347438.1780000415,2023-06-23 17:18:20
DREP,4150000.01,Ethereum,0x5a52e96bacdabb82fd05763e25335261b270efcb,0.3226116647947667,1338838.4121243984,2023-06-23 17:12:03
SAND,3028316.87,Polygon,0xe7804c37c13166ff0b37f5ae0bb07a3aebb6e245,0.4418509684342,1338064.7417351254,2023-06-23 17:21:29
AVAX,100000,BNB Smart Chain (BEP20),0x5a52e96bacdabb82fd05763e25335261b270efcb,13.199424990342829,1319942.499034283,2023-06-23 17:15:29
CTSI,8749880.47,Ethereum,0x28c6c06298d514db089934071355e5743bf21d60,0.15077322304127466,1319247.6796878034,2023-06-23 17:11:38
AKRO,220000000,Ethereum,0x5a52e96bacdabb82fd05763e25335261b270efcb,0.005995746174919964,1319064.158482392,2023-06-23 17:12:03
MDT,30501866.39,BNB Smart Chain (BEP20),0xf977814e90da44bfa03b6295a0616a897441acec,0.04288482308136217,1308067.143786497,2023-06-23 17:15:38
OXT,24143086.3,Ethereum,0x28c6c06298d514db089934071355e5743bf21d60,0.054082158582326394,1305710.2219433917,2023-06-23 17:11:38
1INCH,4000000,BNB Smart Chain (BEP20),0xf977814e90da44bfa03b6295a0616a897441acec,0.32500199366110394,1300007.9746444158,2023-06-23 17:15:38
BCH,6993.21,BNB Beacon Chain (BEP2),bnb1u2agwjat20494fmc6jnuau0ls937cfjn4pjwtn,183.17793907381238,1281001.7953103755,2023-06-23 17:18:20
DATA,52179454.57,Ethereum,0x5a52e96bacdabb82fd05763e25335261b270efcb,0.02440231551225488,1273299.51367451,2023-06-23 17:12:03
SHIB,158008025640.55,Ethereum,0xdfd5293d8e347dfe59e90efd55b2956a1343963d,7.962453971363096e-06,1258131.6312688391,2023-06-23 17:11:28
ONT,6498178.65,BNB Beacon Chain (BEP2),bnb142q467df6jun6rt5u2ar58sp47hm5f9wvz2cvg,0.19094795615703838,1240813.931960803,2023-06-23 17:18:22
LAZIO,612728.78,BNB Smart Chain (BEP20),0x5a52e96bacdabb82fd05763e25335261b270efcb,2.005089151055765,1228575.8293176347,2023-06-23 17:15:29
STG,2036141,Arbitrum,0xf977814e90da44bfa03b6295a0616a897441acec,0.6018150331070431,1225380.2633256079,2023-06-23 17:26:54
BOBA,8284332.33,Ethereum,0xf977814e90da44bfa03b6295a0616a897441acec,0.14749905028856322,1221931.1509498402,2023-06-23 17:11:09
AERGO,11797986.55,Ethereum,0x5a52e96bacdabb82fd05763e25335261b270efcb,0.10304560894682353,1215730.7083911838,2023-06-23 17:12:03
OMG,1917099.19,Ethereum,0x28c6c06298d514db089934071355e5743bf21d60,0.6262994280070894,1200678.1261298542,2023-06-23 17:11:38
COTI,23104259,BNB Beacon Chain (BEP2),bnb1lsmt5a8vqqus5fwslx8pyyemgjtg4y6ugj308t,0.051850478278702164,1197966.879425009,2023-06-23 17:18:21
DODO,11710661,Ethereum,0xbe0eb53f46cd790cd13851d5eff43d12404d33e8,0.10195074958282056,1193910.667060303,2023-06-23 17:11:47
ANT,280876.58,Ethereum,0x21a31ee1afc51d94c2efccaa2092ad1028285549,4.231323096638507,1188479.5602588332,2023-06-23 17:11:19
CRV,1725982.75,Ethereum,0xdfd5293d8e347dfe59e90efd55b2956a1343963d,0.6835440987426091,1179785.32329404,2023-06-23 17:11:28
PHA,10737746,Ethereum,0x5a52e96bacdabb82fd05763e25335261b270efcb,0.10874717356597685,1167699.5279693736,2023-06-23 17:12:03
LDO,609078.16,Ethereum,0x21a31ee1afc51d94c2efccaa2092ad1028285549,1.9051669240308797,1160395.5645815881,2023-06-23 17:11:19
MATIC,1705754.44,Polygon,0x082489a616ab4d46d1947ee3f912e080815b08da,0.6767430239268217,1154357.4178022023,2023-06-23 17:21:26
LOOM,25306735,BNB Smart Chain (BEP20),0x5a52e96bacdabb82fd05763e25335261b270efcb,0.04510409987646689,1141437.5029872803,2023-06-23 17:15:29
AXS,187781.09,Ethereum,0x28c6c06298d514db089934071355e5743bf21d60,6.075813314303603,1140922.8467964432,2023-06-23 17:11:38
TROY,538511511.45,Ethereum,0xbe0eb53f46cd790cd13851d5eff43d12404d33e8,0.0021124467569992875,1137576.8959693373,2023-06-23 17:11:47
CLV,30616839.37,Ethereum,0x28c6c06298d514db089934071355e5743bf21d60,0.03622212935743839,1109007.1161760525,2023-06-23 17:11:38
BAT,5579491.9,Ethereum,0x5a52e96bacdabb82fd05763e25335261b270efcb,0.19724996755064525,1100554.596224088,2023-06-23 17:12:03
UMA,677271,Ethereum,0xbe0eb53f46cd790cd13851d5eff43d12404d33e8,1.6243954732127124,1100155.946538247,2023-06-23 17:11:47
UNFI,298908.47,BNB Smart Chain (BEP20),0x5a52e96bacdabb82fd05763e25335261b270efcb,3.6089703943251963,1078751.818843041,2023-06-23 17:15:29
DENT,1350000000.01,Ethereum,0x5a52e96bacdabb82fd05763e25335261b270efcb,0.0007925900845616661,1069996.614166175,2023-06-23 17:12:03
FTT,1000000,Ethereum,0xbe0eb53f46cd790cd13851d5eff43d12404d33e8,1.068270649669494,1068270.649669494,2023-06-23 17:11:47
CTXC,6751919.38,Ethereum,0xf977814e90da44bfa03b6295a0616a897441acec,0.15770891647997395,1064837.8895799376,2023-06-23 17:11:09
MKR,1494.83,BNB Beacon Chain (BEP2),bnb142q467df6jun6rt5u2ar58sp47hm5f9wvz2cvg,708.8049331930781,1059542.878285009,2023-06-23 17:18:22
GRT,9491676.03,Ethereum,0xdfd5293d8e347dfe59e90efd55b2956a1343963d,0.1110158691402832,1053726.6640684428,2023-06-23 17:11:28
STG,1743190.1,Polygon,0xf977814e90da44bfa03b6295a0616a897441acec,0.6018150331070431,1049078.0077433698,2023-06-23 17:21:23
TROY,489132678.39,BNB Beacon Chain (BEP2),bnb1u2agwjat20494fmc6jnuau0ls937cfjn4pjwtn,0.0021124467569992875,1033266.7402073309,2023-06-23 17:18:20
SAND,2295044.05,Ethereum,0xdfd5293d8e347dfe59e90efd55b2956a1343963d,0.4418509684342,1014067.4360916485,2023-06-23 17:11:28
GAL,726222.63,Ethereum,0x28c6c06298d514db089934071355e5743bf21d60,1.3811640472465125,1003032.5868528066,2023-06-23 17:11:38
DAI,1000000,BNB Beacon Chain (BEP2),bnb142q467df6jun6rt5u2ar58sp47hm5f9wvz2cvg,0.9997803599049782,999780.3599049782,2023-06-23 17:18:22
QSP,85814288.21,Ethereum,0xf977814e90da44bfa03b6295a0616a897441acec,0.011396000315842763,977939.6555449818,2023-06-23 17:11:09
TWT,1037770.26,BNB Beacon Chain (BEP2),bnb1fnd0k5l4p3ck2j9x9dp36chk059w977pszdgdz,0.9384467012693389,973892.0771724242,2023-06-23 17:18:19
BTCB,31.69,BNB Beacon Chain (BEP2),bnb1fnd0k5l4p3ck2j9x9dp36chk059w977pszdgdz,30616.187687888374,970226.9878291826,2023-06-23 17:18:19
CRV,1409728.2,Ethereum,0x21a31ee1afc51d94c2efccaa2092ad1028285549,0.6835440987426091,963611.3919410406,2023-06-23 17:11:19
WETH,509.46,Ethereum,0x28c6c06298d514db089934071355e5743bf21d60,1886.9376015486723,961319.2304849866,2023-06-23 17:11:38
AUDIO,4961607.99,Ethereum,0x28c6c06298d514db089934071355e5743bf21d60,0.19176702946221713,951472.825598302,2023-06-23 17:11:38
GRT,8432997.38,Ethereum,0x21a31ee1afc51d94c2efccaa2092ad1028285549,0.1110158691402832,936196.5335984312,2023-06-23 17:11:19
MTL,652539.05,Ethereum,0xdfd5293d8e347dfe59e90efd55b2956a1343963d,1.4241302119667643,929300.5755930911,2023-06-23 17:11:28
DUSK,7200000.4,BNB Smart Chain (BEP20),0x5a52e96bacdabb82fd05763e25335261b270efcb,0.12809293820908815,922269.2063426101,2023-06-23 17:15:29
BCH,4973.69,BNB Smart Chain (BEP20),0x8894e0a0c962cb723c1976a4421c95949be2d4e3,183.17793907381238,911070.2837920298,2023-06-23 17:15:51
MDXT,150783105.3,Ethereum,0x5a52e96bacdabb82fd05763e25335261b270efcb,0.0059923085077720805,903538.8847174835,2023-06-23 17:12:03
GMX,16739.18,Avalanche C-Chain,0x9f8c163cba728e99993abe7495f06c0a3c8ac8b9,53.83291512465426,901118.85619631,2023-06-23 17:21:43
MC,4704094.7,BNB Smart Chain (BEP20),0xf977814e90da44bfa03b6295a0616a897441acec,0.19118670820174563,899360.3807622782,2023-06-23 17:15:38
MDXT,150000000,Ethereum,0xf977814e90da44bfa03b6295a0616a897441acec,0.0059923085077720805,898846.276165812,2023-06-23 17:11:09
SUSHI,1313165.4,Ethereum,0xdfd5293d8e347dfe59e90efd55b2956a1343963d,0.6839588451046883,898151.090415436,2023-06-23 17:11:28
UNFI,248255,Ethereum,0x5a52e96bacdabb82fd05763e25335261b270efcb,3.6089703943251963,895944.9452432016,2023-06-23 17:12:03
TRU,20980744.28,Ethereum,0x28c6c06298d514db089934071355e5743bf21d60,0.042532192304186985,892357.0504019312,2023-06-23 17:11:38
DNT,31880107.64,Ethereum,0xf977814e90da44bfa03b6295a0616a897441acec,0.02769843478628449,883029.0824462699,2023-06-23 17:11:09
SUSHI,1282552.3,Ethereum,0x21a31ee1afc51d94c2efccaa2092ad1028285549,0.6839588451046883,877212.9898943617,2023-06-23 17:11:19
USDC,872485.45,BNB Beacon Chain (BEP2),bnb1fnd0k5l4p3ck2j9x9dp36chk059w977pszdgdz,0.999962720808448,872452.924447783,2023-06-23 17:18:19
IHC,24200000000,BNB Smart Chain (BEP20),0x5a52e96bacdabb82fd05763e25335261b270efcb,3.599173927817151e-05,871000.0905317506,2023-06-23 17:15:29
SPELL,1761902775.03,Ethereum,0x28c6c06298d514db089934071355e5743bf21d60,0.0004912137376185202,865470.847442929,2023-06-23 17:11:38
CND,402403392.51,Ethereum,0xf977814e90da44bfa03b6295a0616a897441acec,0.0021374994644591167,860137.0359866567,2023-06-23 17:11:09
DOT,169400,BNB Beacon Chain (BEP2),bnb1lsmt5a8vqqus5fwslx8pyyemgjtg4y6ugj308t,5.059581345310374,857093.0798955773,2023-06-23 17:18:21
STG,1413625.71,Ethereum,0x28c6c06298d514db089934071355e5743bf21d60,0.6018150331070431,850741.2034646173,2023-06-23 17:11:38
AGIX,3380285.68,Ethereum,0xdfd5293d8e347dfe59e90efd55b2956a1343963d,0.2488199568784357,841082.5371343937,2023-06-23 17:11:28
ADX,5765427.12,Ethereum,0x5a52e96bacdabb82fd05763e25335261b270efcb,0.14516995345498,836966.7866584794,2023-06-23 17:12:03
MTL,582022.81,Ethereum,0x21a31ee1afc51d94c2efccaa2092ad1028285549,1.4241302119667643,828876.2677747918,2023-06-23 17:11:19
DAI,812801.51,BNB Beacon Chain (BEP2),bnb1fnd0k5l4p3ck2j9x9dp36chk059w977pszdgdz,0.9997803599049782,812622.9861991097,2023-06-23 17:18:19
JST,36512671.25,Tron20,TV6MuMXfmLbBqPZvBHdwFsDnQeVfnmiuSi,0.022161923017664734,809191.0094118004,2023-06-23 17:25:35
ARPA,15715698.77,BNB Beacon Chain (BEP2),bnb142q467df6jun6rt5u2ar58sp47hm5f9wvz2cvg,0.05144931964703571,808562.0094942559,2023-06-23 17:18:22
DOGE,11923592.99,BNB Beacon Chain (BEP2),bnb1u2agwjat20494fmc6jnuau0ls937cfjn4pjwtn,0.06780713373436746,808504.6644670964,2023-06-23 17:18:20
YFI,124.29,Ethereum,0x28c6c06298d514db089934071355e5743bf21d60,6444.745262257983,801017.3886460448,2023-06-23 17:11:38
CHESS,5700000,BNB Smart Chain (BEP20),0x5a52e96bacdabb82fd05763e25335261b270efcb,0.13979127245230388,796810.2529781321,2023-06-23 17:15:29
PNT,7000000,Ethereum,0xbe0eb53f46cd790cd13851d5eff43d12404d33e8,0.11349248338638968,794447.3837047277,2023-06-23 17:11:47
BTT,1642820348090.42,Tron20,TV6MuMXfmLbBqPZvBHdwFsDnQeVfnmiuSi,4.832647862017942e-07,793917.224287874,2023-06-23 17:25:35
USDT,786420.83,BNB Beacon Chain (BEP2),bnb1fnd0k5l4p3ck2j9x9dp36chk059w977pszdgdz,1.0004007006053255,786735.9493026215,2023-06-23 17:18:19
DNT,28370000,Ethereum,0x5a52e96bacdabb82fd05763e25335261b270efcb,0.02769843478628449,785804.594886891,2023-06-23 17:12:03
BTCST,2033000,BNB Smart Chain (BEP20),0x5a52e96bacdabb82fd05763e25335261b270efcb,0.385954458476155,784645.4140820231,2023-06-23 17:15:29
LINA,54796412.42,Ethereum,0x21a31ee1afc51d94c2efccaa2092ad1028285549,0.014294969977840345,783313.0704372578,2023-06-23 17:11:19
UNI,161715,BNB Beacon Chain (BEP2),bnb1lsmt5a8vqqus5fwslx8pyyemgjtg4y6ugj308t,4.821953227642379,779782.1662081874,2023-06-23 17:18:21
SAND,1756079.22,Ethereum,0x21a31ee1afc51d94c2efccaa2092ad1028285549,0.4418509684342,775925.3040041745,2023-06-23 17:11:19
FUN,185000000,Ethereum,0x5a52e96bacdabb82fd05763e25335261b270efcb,0.004184778307231151,774183.986837763,2023-06-23 17:12:03
AGIX,3108477.57,Ethereum,0x21a31ee1afc51d94c2efccaa2092ad1028285549,0.2488199568784357,773451.2549249845,2023-06-23 17:11:19
FET,3216757.21,Ethereum,0xdfd5293d8e347dfe59e90efd55b2956a1343963d,0.24006881735350846,772243.0991180715,2023-06-23 17:11:28
WOO,3666963.51,Ethereum,0x28c6c06298d514db089934071355e5743bf21d60,0.20980762440028441,769356.9027956285,2023-06-23 17:11:38
STG,1276383.76,Avalanche C-Chain,0x4aefa39caeadd662ae31ab0ce7c8c2c9c0a013e8,0.6018150331070431,768146.9347816921,2023-06-23 17:21:44
LTC,8413.2,Litecoin,MWGTiJBNEQSfxTCrdC2VKEa55Lck27wr67,91.2417333509287,767634.9510280334,2023-06-23 17:19:33
SSV,41573.3,Ethereum,0x28c6c06298d514db089934071355e5743bf21d60,18.25512941694205,758925.971789357,2023-06-23 17:11:38
AAVE,13054.17,Ethereum,0xdfd5293d8e347dfe59e90efd55b2956a1343963d,57.859670330844345,755309.9726427983,2023-06-23 17:11:28
ENJ,2553389.11,Ethereum,0x28c6c06298d514db089934071355e5743bf21d60,0.29465728292640375,752374.6974064682,2023-06-23 17:11:38
BAT,3796339.42,BNB Beacon Chain (BEP2),bnb142q467df6jun6rt5u2ar58sp47hm5f9wvz2cvg,0.19724996755064525,748827.8274062354,2023-06-23 17:18:22
AGLD,1500000,Ethereum,0x5a52e96bacdabb82fd05763e25335261b270efcb,0.4977245664128711,746586.8496193066,2023-06-23 17:12:03
AAVE,12826.03,Ethereum,0x21a31ee1afc51d94c2efccaa2092ad1028285549,57.859670330844345,742109.8674535195,2023-06-23 17:11:19
NBT,270000000,BNB Smart Chain (BEP20),0xf977814e90da44bfa03b6295a0616a897441acec,0.0027339402848860737,738163.8769192399,2023-06-23 17:15:38
TLM,60000000,Ethereum,0x5a52e96bacdabb82fd05763e25335261b270efcb,0.012075929601536976,724555.7760922186,2023-06-23 17:12:03
YFII,937,BNB Beacon Chain (BEP2),bnb1u2agwjat20494fmc6jnuau0ls937cfjn4pjwtn,766.1058751275007,717841.2049944681,2023-06-23 17:18:20
MATIC,1058840,BNB Beacon Chain (BEP2),bnb1u2agwjat20494fmc6jnuau0ls937cfjn4pjwtn,0.6767430239268217,716562.583454676,2023-06-23 17:18:20
LQTY,737595.26,Ethereum,0x28c6c06298d514db089934071355e5743bf21d60,0.9659076402158756,712448.8970210153,2023-06-23 17:11:38
LTO,10825000,BNB Beacon Chain (BEP2),bnb1lsmt5a8vqqus5fwslx8pyyemgjtg4y6ugj308t,0.06563464465478229,710495.0283880183,2023-06-23 17:18:21
WIN,10000000163,Tron20,TMuA6YqfCeX8EhbfYEg5y7S4DqzSJireY9,6.967880618835469e-05,696788.0732411923,2023-06-23 17:26:01
FOR,35860843.4,BNB Smart Chain (BEP20),0x5a52e96bacdabb82fd05763e25335261b270efcb,0.019425373971582574,696610.2939813588,2023-06-23 17:15:29
BAT,3458105.25,Ethereum,0x28c6c06298d514db089934071355e5743bf21d60,0.19724996755064525,682111.148349216,2023-06-23 17:11:38
NEXO,1036654.3,Ethereum,0x28c6c06298d514db089934071355e5743bf21d60,0.6543456335632629,678330.2147195808,2023-06-23 17:11:38
DYDX,360700.15,Ethereum,0xdfd5293d8e347dfe59e90efd55b2956a1343963d,1.8760371104011295,676686.867127254,2023-06-23 17:11:28
COTI,13023496.45,Ethereum,0x28c6c06298d514db089934071355e5743bf21d60,0.051850478278702164,675274.5197934797,2023-06-23 17:11:38
OGV,77500000,Ethereum,0xf977814e90da44bfa03b6295a0616a897441acec,0.008558757018286891,663303.668917234,2023-06-23 17:11:09
TROY,312607023,BNB Beacon Chain (BEP2),bnb1lsmt5a8vqqus5fwslx8pyyemgjtg4y6ugj308t,0.0021124467569992875,660365.6919515517,2023-06-23 17:18:21
MKR,930.19,Ethereum,0x21a31ee1afc51d94c2efccaa2092ad1028285549,708.8049331930781,659323.2608068694,2023-06-23 17:11:19
HOT,460906439.72,Ethereum,0x28c6c06298d514db089934071355e5743bf21d60,0.0014258007654968231,657160.7545751914,2023-06-23 17:11:38
ETH,347.53,BNB Beacon Chain (BEP2),bnb1fnd0k5l4p3ck2j9x9dp36chk059w977pszdgdz,1886.1064541658307,655478.5760162511,2023-06-23 17:18:19
OGN,7914407.79,Ethereum,0x28c6c06298d514db089934071355e5743bf21d60,0.08275661308971256,654969.583311237,2023-06-23 17:11:38
USDCE,652507.5,Arbitrum,0xb38e8c17e38363af6ebdcb3dae12e0243582891d,0.999582045629782,652234.781638775,2023-06-23 17:26:51
BOND,188285.98,Ethereum,0x5a52e96bacdabb82fd05763e25335261b270efcb,3.4491340581502885,649423.5862902041,2023-06-23 17:12:03
BCH,3539.12,BNB Smart Chain (BEP20),0xe2fc31f816a9b94326492132018c3aecc4a93ae1,183.17793907381238,648288.7077349109,2023-06-23 17:15:20
DAI,644493.99,Ethereum,0x28c6c06298d514db089934071355e5743bf21d60,0.9997803599049782,644352.4332787953,2023-06-23 17:11:38
YGG,4016453.11,Ethereum,0x28c6c06298d514db089934071355e5743bf21d60,0.15891669618103527,638281.4586072442,2023-06-23 17:11:38
FET,2653571.39,Ethereum,0x21a31ee1afc51d94c2efccaa2092ad1028285549,0.24006881735350846,637039.7453604056,2023-06-23 17:11:19
SUSHI,931172.14,BNB Beacon Chain (BEP2),bnb1u2agwjat20494fmc6jnuau0ls937cfjn4pjwtn,0.6839588451046883,636883.4214680612,2023-06-23 17:18:20
USDTE,637525.83,Avalanche C-Chain,0x4aefa39caeadd662ae31ab0ce7c8c2c9c0a013e8,0.9985150501672966,636579.1361253974,2023-06-23 17:21:44
PROM,147315.4,BNB Smart Chain (BEP20),0x5a52e96bacdabb82fd05763e25335261b270efcb,4.309868336038257,634909.9778708102,2023-06-23 17:15:29
ANKR,26159795.99,Ethereum,0x28c6c06298d514db089934071355e5743bf21d60,0.024002519187167365,627901.0051823589,2023-06-23 17:11:38
BUSD,626744.61,Tron20,TV6MuMXfmLbBqPZvBHdwFsDnQeVfnmiuSi,1.0001641908688188,626847.5157420434,2023-06-23 17:25:35
LTO,9536662.16,BNB Beacon Chain (BEP2),bnb1u2agwjat20494fmc6jnuau0ls937cfjn4pjwtn,0.06563464465478229,625935.4320643086,2023-06-23 17:18:20
RAD,362625.29,Ethereum,0x21a31ee1afc51d94c2efccaa2092ad1028285549,1.7084957510227563,619543.7671783947,2023-06-23 17:11:19
BTT,1281606704332.2,Tron20,TNXoiAJ3dct8Fjg4M9fkLFh9S2v9TXc32G,4.832647862017942e-07,619355.3899638867,2023-06-23 17:25:50
IDEX,10146762.29,Ethereum,0x28c6c06298d514db089934071355e5743bf21d60,0.060798723503725983,616910.1949277434,2023-06-23 17:11:38
LIT,840646.06,BNB Smart Chain (BEP20),0xf977814e90da44bfa03b6295a0616a897441acec,0.7038051034202818,591650.9871981525,2023-06-23 17:15:38
RSR,247396328.14,Ethereum,0x28c6c06298d514db089934071355e5743bf21d60,0.0023861699781664316,590329.6909162791,2023-06-23 17:11:38
UNI,121904.82,Ethereum,0xdfd5293d8e347dfe59e90efd55b2956a1343963d,4.821953227642379,587819.3402641633,2023-06-23 17:11:28
QNT,5457.83,Ethereum,0xdfd5293d8e347dfe59e90efd55b2956a1343963d,105.53723224097392,576004.2722417547,2023-06-23 17:11:28
AAVE,9950,BNB Beacon Chain (BEP2),bnb1lsmt5a8vqqus5fwslx8pyyemgjtg4y6ugj308t,57.859670330844345,575703.7197919012,2023-06-23 17:18:21
TWT,611601.58,BNB Smart Chain (BEP20),0xe2fc31f816a9b94326492132018c3aecc4a93ae1,0.9384467012693389,573955.4852421157,2023-06-23 17:15:20
SUN,100000000,Tron20,TMuA6YqfCeX8EhbfYEg5y7S4DqzSJireY9,0.005718437151985477,571843.7151985477,2023-06-23 17:26:01
LINK,94321,BNB Beacon Chain (BEP2),bnb1u2agwjat20494fmc6jnuau0ls937cfjn4pjwtn,6.051941676694777,570825.190887528,2023-06-23 17:18:20
FTM,1788846.04,BNB Smart Chain (BEP20),0x8894e0a0c962cb723c1976a4421c95949be2d4e3,0.31875698105129213,570207.163275959,2023-06-23 17:15:51
WTC,3404405.32,Ethereum,0xbe0eb53f46cd790cd13851d5eff43d12404d33e8,0.16624449310066905,565963.636732621,2023-06-23 17:11:47
PNT,4905670.62,Ethereum,0x5a52e96bacdabb82fd05763e25335261b270efcb,0.11349248338638968,556756.74133945,2023-06-23 17:12:03
MKR,783.5,Ethereum,0xdfd5293d8e347dfe59e90efd55b2956a1343963d,708.8049331930781,555348.6651567767,2023-06-23 17:11:28
T,20578820.69,Ethereum,0x21a31ee1afc51d94c2efccaa2092ad1028285549,0.02669143257166962,549278.2048516147,2023-06-23 17:11:19
GALA,20894371.67,Ethereum,0x28c6c06298d514db089934071355e5743bf21d60,0.026250574392547184,548489.2579088653,2023-06-23 17:11:38
AERGO,5295675.07,Ethereum,0x28c6c06298d514db089934071355e5743bf21d60,0.10304560894682353,545696.0623726624,2023-06-23 17:11:38
MANA,1384122.8,Ethereum,0x21a31ee1afc51d94c2efccaa2092ad1028285549,0.3925915335274815,543394.8926423516,2023-06-23 17:11:19
RAD,317512,Ethereum,0xdfd5293d8e347dfe59e90efd55b2956a1343963d,1.7084957510227563,542467.9028987373,2023-06-23 17:11:28
GNS,132229.49,Polygon,0xe7804c37c13166ff0b37f5ae0bb07a3aebb6e245,4.093782510509457,541318.7735355851,2023-06-23 17:21:29
T,20167975.99,Ethereum,0xdfd5293d8e347dfe59e90efd55b2956a1343963d,0.02669143257166962,538312.1712441368,2023-06-23 17:11:28
DUSK,4200000,BNB Beacon Chain (BEP2),bnb1lsmt5a8vqqus5fwslx8pyyemgjtg4y6ugj308t,0.12809293820908815,537990.3404781702,2023-06-23 17:18:21
QNT,5079.39,Ethereum,0x21a31ee1afc51d94c2efccaa2092ad1028285549,105.53723224097392,536064.7620724805,2023-06-23 17:11:19
IMX,710257.33,Ethereum,0x28c6c06298d514db089934071355e5743bf21d60,0.7520181194516272,534126.3816333337,2023-06-23 17:11:38
ETC,28000,BNB Beacon Chain (BEP2),bnb1lsmt5a8vqqus5fwslx8pyyemgjtg4y6ugj308t,19.009008881437932,532252.2486802621,2023-06-23 17:18:21
VGX,4251786.13,Ethereum,0x28c6c06298d514db089934071355e5743bf21d60,0.12317743352637861,523724.10339645355,2023-06-23 17:11:38
STG,868245.59,Arbitrum,0xb38e8c17e38363af6ebdcb3dae12e0243582891d,0.6018150331070431,522523.24849089416,2023-06-23 17:26:51
NFT,1629793027218.17,Tron20,TJCo98saj6WND61g1uuKwJ9GMWMT9WkJFo,3.2016937249236504e-07,521809.8108168735,2023-06-23 17:25:43
CHZ,6389950.08,Ethereum,0x28c6c06298d514db089934071355e5743bf21d60,0.08005043954102323,511518.31254919653,2023-06-23 17:11:38
SOLO,4947500,BNB Smart Chain (BEP20),0x5a52e96bacdabb82fd05763e25335261b270efcb,0.10240582965102908,506652.84219846636,2023-06-23 17:15:29
DATA,20737320.15,Ethereum,0x28c6c06298d514db089934071355e5743bf21d60,0.02440231551225488,506038.62917894067,2023-06-23 17:11:38
OMG,800000,Ethereum,0x5a52e96bacdabb82fd05763e25335261b270efcb,0.6262994280070894,501039.5424056715,2023-06-23 17:12:03
